"Program","Year","Period","Week Ending","Geo Level","State","State ANSI","Ag District","Ag District Code","County","County ANSI","Zip Code","Region","watershed_code","Watershed","Commodity","Data Item","Domain","Domain Category","Value","CV (%)"
"SURVEY","2019","YEAR","","STATE","VERMONT","50","","","","","","","00000000","","MAPLE SYRUP","MAPLE SYRUP - LENGTH OF SEASON, AVG, MEASURED IN DAYS","TOTAL","NOT SPECIFIED","34",""
"SURVEY","2019","YEAR","","STATE","VERMONT","50","","","","","","","00000000","","MAPLE SYRUP","MAPLE SYRUP - NUMBER OF TAPS","TOTAL","NOT SPECIFIED","6,000,000",""
"SURVEY","2019","YEAR","","STATE","VERMONT","50","","","","","","","00000000","","MAPLE SYRUP","MAPLE SYRUP - PRODUCTION, MEASURED IN GALLONS","TOTAL","NOT SPECIFIED","2,070,000",""
"SURVEY","2019","YEAR","","STATE","VERMONT","50","","","","","","","00000000","","MAPLE SYRUP","MAPLE SYRUP - YIELD, MEASURED IN GALLONS / TAP","TOTAL","NOT SPECIFIED","0.345",""
"SURVEY","2019","YEAR","","STATE","VERMONT","50","","","","","","","00000000","","MAPLE SYRUP","MAPLE SYRUP, HARVEST - END DATE, AVG, MEASURED IN DATE","TOTAL","NOT SPECIFIED","Apr 15",""
"SURVEY","2019","YEAR","","STATE","VERMONT","50","","","","","","","00000000","","MAPLE SYRUP","MAPLE SYRUP, HARVEST - END DATE, AVG, MEASURED IN JULIAN DATE","TOTAL","NOT SPECIFIED","105",""
"SURVEY","2019","YEAR","","STATE","VERMONT","50","","","","","","","00000000","","MAPLE SYRUP","MAPLE SYRUP, HARVEST - END DATE, MAX, MEASURED IN DATE","TOTAL","NOT SPECIFIED","May 3",""
"SURVEY","2019","YEAR","","STATE","VERMONT","50","","","","","","","00000000","","MAPLE SYRUP","MAPLE SYRUP, HARVEST - END DATE, MAX, MEASURED IN JULIAN DATE","TOTAL","NOT SPECIFIED","123",""
"SURVEY","2019","YEAR","","STATE","VERMONT","50","","","","","","","00000000","","MAPLE SYRUP","MAPLE SYRUP, HARVEST - START DATE, AVG, MEASURED IN DATE","TOTAL","NOT SPECIFIED","Mar 12",""
"SURVEY","2019","YEAR","","STATE","VERMONT","50","","","","","","","00000000","","MAPLE SYRUP","MAPLE SYRUP, HARVEST - START DATE, AVG, MEASURED IN JULIAN DATE","TOTAL","NOT SPECIFIED","71",""
"SURVEY","2019","YEAR","","STATE","VERMONT","50","","","","","","","00000000","","MAPLE SYRUP","MAPLE SYRUP, HARVEST - START DATE, MIN, MEASURED IN DATE","TOTAL","NOT SPECIFIED","Jan 9",""
"SURVEY","2019","YEAR","","STATE","VERMONT","50","","","","","","","00000000","","MAPLE SYRUP","MAPLE SYRUP, HARVEST - START DATE, MIN, MEASURED IN JULIAN DATE","TOTAL","NOT SPECIFIED","9",""
"SURVEY","2018","MARKETING YEAR","","STATE","VERMONT","50","","","","","","","00000000","","MAPLE SYRUP","MAPLE SYRUP - PRICE RECEIVED, MEASURED IN $ / GALLON","TOTAL","NOT SPECIFIED","28",""
"SURVEY","2018","MARKETING YEAR","","STATE","VERMONT","50","","","","","","","00000000","","MAPLE SYRUP","MAPLE SYRUP, RETAIL, CONTAINERS - SALES, MEASURED IN PCT BY OUTLET","TOTAL","NOT SPECIFIED","9",""
"SURVEY","2018","MARKETING YEAR","","STATE","VERMONT","50","","","","","","","00000000","","MAPLE SYRUP","MAPLE SYRUP, RETAIL, CONTAINERS, 0.5 GALLON - PRICE RECEIVED, MEASURED IN $ / CONTAINER","TOTAL","NOT SPECIFIED","26.4",""
"SURVEY","2018","MARKETING YEAR","","STATE","VERMONT","50","","","","","","","00000000","","MAPLE SYRUP","MAPLE SYRUP, RETAIL, CONTAINERS, 0.5 PINT - PRICE RECEIVED, MEASURED IN $ / CONTAINER","TOTAL","NOT SPECIFIED","7.5",""
"SURVEY","2018","MARKETING YEAR","","STATE","VERMONT","50","","","","","","","00000000","","MAPLE SYRUP","MAPLE SYRUP, RETAIL, CONTAINERS, 1 GALLON - PRICE RECEIVED, MEASURED IN $ / CONTAINER","TOTAL","NOT SPECIFIED","45.3",""
"SURVEY","2018","MARKETING YEAR","","STATE","VERMONT","50","","","","","","","00000000","","MAPLE SYRUP","MAPLE SYRUP, RETAIL, CONTAINERS, 1 PINT - PRICE RECEIVED, MEASURED IN $ / CONTAINER","TOTAL","NOT SPECIFIED","9.7",""
"SURVEY","2018","MARKETING YEAR","","STATE","VERMONT","50","","","","","","","00000000","","MAPLE SYRUP","MAPLE SYRUP, RETAIL, CONTAINERS, 1 QUART - PRICE RECEIVED, MEASURED IN $ / CONTAINER","TOTAL","NOT SPECIFIED","16.7",""
"SURVEY","2018","MARKETING YEAR","","STATE","VERMONT","50","","","","","","","00000000","","MAPLE SYRUP","MAPLE SYRUP, WHOLESALE, BULK - PRICE RECEIVED, MEASURED IN $ / GALLON","TOTAL","NOT SPECIFIED","24.2",""
"SURVEY","2018","MARKETING YEAR","","STATE","VERMONT","50","","","","","","","00000000","","MAPLE SYRUP","MAPLE SYRUP, WHOLESALE, BULK - PRICE RECEIVED, MEASURED IN $ / LB","TOTAL","NOT SPECIFIED","2.2",""
"SURVEY","2018","MARKETING YEAR","","STATE","VERMONT","50","","","","","","","00000000","","MAPLE SYRUP","MAPLE SYRUP, WHOLESALE, BULK - SALES, MEASURED IN PCT BY OUTLET","TOTAL","NOT SPECIFIED","87",""
"SURVEY","2018","MARKETING YEAR","","STATE","VERMONT","50","","","","","","","00000000","","MAPLE SYRUP","MAPLE SYRUP, WHOLESALE, CONTAINERS - SALES, MEASURED IN PCT BY OUTLET","TOTAL","NOT SPECIFIED","4",""
"SURVEY","2018","MARKETING YEAR","","STATE","VERMONT","50","","","","","","","00000000","","MAPLE SYRUP","MAPLE SYRUP, WHOLESALE, CONTAINERS, 0.5 GALLON - PRICE RECEIVED, MEASURED IN $ / CONTAINER","TOTAL","NOT SPECIFIED","22.8",""
"SURVEY","2018","MARKETING YEAR","","STATE","VERMONT","50","","","","","","","00000000","","MAPLE SYRUP","MAPLE SYRUP, WHOLESALE, CONTAINERS, 0.5 PINT - PRICE RECEIVED, MEASURED IN $ / CONTAINER","TOTAL","NOT SPECIFIED","4.4",""
"SURVEY","2018","MARKETING YEAR","","STATE","VERMONT","50","","","","","","","00000000","","MAPLE SYRUP","MAPLE SYRUP, WHOLESALE, CONTAINERS, 1 GALLON - PRICE RECEIVED, MEASURED IN $ / CONTAINER","TOTAL","NOT SPECIFIED","38.8",""
"SURVEY","2018","MARKETING YEAR","","STATE","VERMONT","50","","","","","","","00000000","","MAPLE SYRUP","MAPLE SYRUP, WHOLESALE, CONTAINERS, 1 PINT - PRICE RECEIVED, MEASURED IN $ / CONTAINER","TOTAL","NOT SPECIFIED","7.6",""
"SURVEY","2018","MARKETING YEAR","","STATE","VERMONT","50","","","","","","","00000000","","MAPLE SYRUP","MAPLE SYRUP, WHOLESALE, CONTAINERS, 1 QUART - PRICE RECEIVED, MEASURED IN $ / CONTAINER","TOTAL","NOT SPECIFIED","13.5",""
"SURVEY","2018","YEAR","","STATE","VERMONT","50","","","","","","","00000000","","MAPLE SYRUP","MAPLE SYRUP - LENGTH OF SEASON, AVG, MEASURED IN DAYS","TOTAL","NOT SPECIFIED","52",""
"SURVEY","2018","YEAR","","STATE","VERMONT","50","","","","","","","00000000","","MAPLE SYRUP","MAPLE SYRUP - NUMBER OF TAPS","TOTAL","NOT SPECIFIED","5,670,000",""
"SURVEY","2018","YEAR","","STATE","VERMONT","50","","","","","","","00000000","","MAPLE SYRUP","MAPLE SYRUP - PRODUCTION, MEASURED IN $","TOTAL","NOT SPECIFIED","54,320,000",""
"SURVEY","2018","YEAR","","STATE","VERMONT","50","","","","","","","00000000","","MAPLE SYRUP","MAPLE SYRUP - PRODUCTION, MEASURED IN GALLONS","TOTAL","NOT SPECIFIED","1,940,000",""
"SURVEY","2018","YEAR","","STATE","VERMONT","50","","","","","","","00000000","","MAPLE SYRUP","MAPLE SYRUP - YIELD, MEASURED IN GALLONS / TAP","TOTAL","NOT SPECIFIED","0.342",""
"SURVEY","2018","YEAR","","STATE","VERMONT","50","","","","","","","00000000","","MAPLE SYRUP","MAPLE SYRUP, HARVEST - END DATE, AVG, MEASURED IN DATE","TOTAL","NOT SPECIFIED","Apr 16",""
"SURVEY","2018","YEAR","","STATE","VERMONT","50","","","","","","","00000000","","MAPLE SYRUP","MAPLE SYRUP, HARVEST - END DATE, AVG, MEASURED IN JULIAN DATE","TOTAL","NOT SPECIFIED","106",""
"SURVEY","2018","YEAR","","STATE","VERMONT","50","","","","","","","00000000","","MAPLE SYRUP","MAPLE SYRUP, HARVEST - END DATE, MAX, MEASURED IN DATE","TOTAL","NOT SPECIFIED","May 3",""
"SURVEY","2018","YEAR","","STATE","VERMONT","50","","","","","","","00000000","","MAPLE SYRUP","MAPLE SYRUP, HARVEST - END DATE, MAX, MEASURED IN JULIAN DATE","TOTAL","NOT SPECIFIED","123",""
"SURVEY","2018","YEAR","","STATE","VERMONT","50","","","","","","","00000000","","MAPLE SYRUP","MAPLE SYRUP, HARVEST - START DATE, AVG, MEASURED IN DATE","TOTAL","NOT SPECIFIED","Feb 23",""
"SURVEY","2018","YEAR","","STATE","VERMONT","50","","","","","","","00000000","","MAPLE SYRUP","MAPLE SYRUP, HARVEST - START DATE, AVG, MEASURED IN JULIAN DATE","TOTAL","NOT SPECIFIED","54",""
"SURVEY","2018","YEAR","","STATE","VERMONT","50","","","","","","","00000000","","MAPLE SYRUP","MAPLE SYRUP, HARVEST - START DATE, MIN, MEASURED IN DATE","TOTAL","NOT SPECIFIED","Jan 12",""
"SURVEY","2018","YEAR","","STATE","VERMONT","50","","","","","","","00000000","","MAPLE SYRUP","MAPLE SYRUP, HARVEST - START DATE, MIN, MEASURED IN JULIAN DATE","TOTAL","NOT SPECIFIED","12",""
"SURVEY","2017","MARKETING YEAR","","STATE","VERMONT","50","","","","","","","00000000","","MAPLE SYRUP","MAPLE SYRUP - PRICE RECEIVED, MEASURED IN $ / GALLON","TOTAL","NOT SPECIFIED","27",""
"SURVEY","2017","MARKETING YEAR","","STATE","VERMONT","50","","","","","","","00000000","","MAPLE SYRUP","MAPLE SYRUP, RETAIL, CONTAINERS - SALES, MEASURED IN PCT BY OUTLET","TOTAL","NOT SPECIFIED","6",""
"SURVEY","2017","MARKETING YEAR","","STATE","VERMONT","50","","","","","","","00000000","","MAPLE SYRUP","MAPLE SYRUP, RETAIL, CONTAINERS, 0.5 GALLON - PRICE RECEIVED, MEASURED IN $ / CONTAINER","TOTAL","NOT SPECIFIED","26.6",""
"SURVEY","2017","MARKETING YEAR","","STATE","VERMONT","50","","","","","","","00000000","","MAPLE SYRUP","MAPLE SYRUP, RETAIL, CONTAINERS, 0.5 PINT - PRICE RECEIVED, MEASURED IN $ / CONTAINER","TOTAL","NOT SPECIFIED","5.9",""
"SURVEY","2017","MARKETING YEAR","","STATE","VERMONT","50","","","","","","","00000000","","MAPLE SYRUP","MAPLE SYRUP, RETAIL, CONTAINERS, 1 GALLON - PRICE RECEIVED, MEASURED IN $ / CONTAINER","TOTAL","NOT SPECIFIED","44.8",""
"SURVEY","2017","MARKETING YEAR","","STATE","VERMONT","50","","","","","","","00000000","","MAPLE SYRUP","MAPLE SYRUP, RETAIL, CONTAINERS, 1 PINT - PRICE RECEIVED, MEASURED IN $ / CONTAINER","TOTAL","NOT SPECIFIED","9.9",""
"SURVEY","2017","MARKETING YEAR","","STATE","VERMONT","50","","","","","","","00000000","","MAPLE SYRUP","MAPLE SYRUP, RETAIL, CONTAINERS, 1 QUART - PRICE RECEIVED, MEASURED IN $ / CONTAINER","TOTAL","NOT SPECIFIED","16.1",""
"SURVEY","2017","MARKETING YEAR","","STATE","VERMONT","50","","","","","","","00000000","","MAPLE SYRUP","MAPLE SYRUP, WHOLESALE, BULK - PRICE RECEIVED, MEASURED IN $ / GALLON","TOTAL","NOT SPECIFIED","24.2",""
"SURVEY","2017","MARKETING YEAR","","STATE","VERMONT","50","","","","","","","00000000","","MAPLE SYRUP","MAPLE SYRUP, WHOLESALE, BULK - PRICE RECEIVED, MEASURED IN $ / LB","TOTAL","NOT SPECIFIED","2.2",""
"SURVEY","2017","MARKETING YEAR","","STATE","VERMONT","50","","","","","","","00000000","","MAPLE SYRUP","MAPLE SYRUP, WHOLESALE, BULK - SALES, MEASURED IN PCT BY OUTLET","TOTAL","NOT SPECIFIED","92",""
"SURVEY","2017","MARKETING YEAR","","STATE","VERMONT","50","","","","","","","00000000","","MAPLE SYRUP","MAPLE SYRUP, WHOLESALE, CONTAINERS - SALES, MEASURED IN PCT BY OUTLET","TOTAL","NOT SPECIFIED","2",""
"SURVEY","2017","MARKETING YEAR","","STATE","VERMONT","50","","","","","","","00000000","","MAPLE SYRUP","MAPLE SYRUP, WHOLESALE, CONTAINERS, 0.5 GALLON - PRICE RECEIVED, MEASURED IN $ / CONTAINER","TOTAL","NOT SPECIFIED","22.2",""
"SURVEY","2017","MARKETING YEAR","","STATE","VERMONT","50","","","","","","","00000000","","MAPLE SYRUP","MAPLE SYRUP, WHOLESALE, CONTAINERS, 0.5 PINT - PRICE RECEIVED, MEASURED IN $ / CONTAINER","TOTAL","NOT SPECIFIED","4.4",""
"SURVEY","2017","MARKETING YEAR","","STATE","VERMONT","50","","","","","","","00000000","","MAPLE SYRUP","MAPLE SYRUP, WHOLESALE, CONTAINERS, 1 GALLON - PRICE RECEIVED, MEASURED IN $ / CONTAINER","TOTAL","NOT SPECIFIED","40.1",""
"SURVEY","2017","MARKETING YEAR","","STATE","VERMONT","50","","","","","","","00000000","","MAPLE SYRUP","MAPLE SYRUP, WHOLESALE, CONTAINERS, 1 PINT - PRICE RECEIVED, MEASURED IN $ / CONTAINER","TOTAL","NOT SPECIFIED","7.4",""
"SURVEY","2017","MARKETING YEAR","","STATE","VERMONT","50","","","","","","","00000000","","MAPLE SYRUP","MAPLE SYRUP, WHOLESALE, CONTAINERS, 1 QUART - PRICE RECEIVED, MEASURED IN $ / CONTAINER","TOTAL","NOT SPECIFIED","12.9",""
"SURVEY","2017","YEAR","","STATE","VERMONT","50","","","","","","","00000000","","MAPLE SYRUP","MAPLE SYRUP - LENGTH OF SEASON, AVG, MEASURED IN DAYS","TOTAL","NOT SPECIFIED","46",""
"SURVEY","2017","YEAR","","STATE","VERMONT","50","","","","","","","00000000","","MAPLE SYRUP","MAPLE SYRUP - NUMBER OF TAPS","TOTAL","NOT SPECIFIED","5,900,000",""
"SURVEY","2017","YEAR","","STATE","VERMONT","50","","","","","","","00000000","","MAPLE SYRUP","MAPLE SYRUP - PRODUCTION, MEASURED IN $","TOTAL","NOT SPECIFIED","54,000,000",""
"SURVEY","2017","YEAR","","STATE","VERMONT","50","","","","","","","00000000","","MAPLE SYRUP","MAPLE SYRUP - PRODUCTION, MEASURED IN GALLONS","TOTAL","NOT SPECIFIED","2,000,000",""
"SURVEY","2017","YEAR","","STATE","VERMONT","50","","","","","","","00000000","","MAPLE SYRUP","MAPLE SYRUP - YIELD, MEASURED IN GALLONS / TAP","TOTAL","NOT SPECIFIED","0.339",""
"SURVEY","2017","YEAR","","STATE","VERMONT","50","","","","","","","00000000","","MAPLE SYRUP","MAPLE SYRUP, HARVEST - END DATE, AVG, MEASURED IN DATE","TOTAL","NOT SPECIFIED","Apr 10",""
"SURVEY","2017","YEAR","","STATE","VERMONT","50","","","","","","","00000000","","MAPLE SYRUP","MAPLE SYRUP, HARVEST - END DATE, AVG, MEASURED IN JULIAN DATE","TOTAL","NOT SPECIFIED","100",""
"SURVEY","2017","YEAR","","STATE","VERMONT","50","","","","","","","00000000","","MAPLE SYRUP","MAPLE SYRUP, HARVEST - END DATE, MAX, MEASURED IN DATE","TOTAL","NOT SPECIFIED","May 14",""
"SURVEY","2017","YEAR","","STATE","VERMONT","50","","","","","","","00000000","","MAPLE SYRUP","MAPLE SYRUP, HARVEST - END DATE, MAX, MEASURED IN JULIAN DATE","TOTAL","NOT SPECIFIED","134",""
"SURVEY","2017","YEAR","","STATE","VERMONT","50","","","","","","","00000000","","MAPLE SYRUP","MAPLE SYRUP, HARVEST - START DATE, AVG, MEASURED IN DATE","TOTAL","NOT SPECIFIED","Feb 23",""
"SURVEY","2017","YEAR","","STATE","VERMONT","50","","","","","","","00000000","","MAPLE SYRUP","MAPLE SYRUP, HARVEST - START DATE, AVG, MEASURED IN JULIAN DATE","TOTAL","NOT SPECIFIED","54",""
"SURVEY","2017","YEAR","","STATE","VERMONT","50","","","","","","","00000000","","MAPLE SYRUP","MAPLE SYRUP, HARVEST - START DATE, MIN, MEASURED IN DATE","TOTAL","NOT SPECIFIED","Jan 1",""
"SURVEY","2017","YEAR","","STATE","VERMONT","50","","","","","","","00000000","","MAPLE SYRUP","MAPLE SYRUP, HARVEST - START DATE, MIN, MEASURED IN JULIAN DATE","TOTAL","NOT SPECIFIED","1",""
"SURVEY","2016","MARKETING YEAR","","STATE","VERMONT","50","","","","","","","00000000","","MAPLE SYRUP","MAPLE SYRUP - PRICE RECEIVED, MEASURED IN $ / GALLON","TOTAL","NOT SPECIFIED","30",""
"SURVEY","2016","MARKETING YEAR","","STATE","VERMONT","50","","","","","","","00000000","","MAPLE SYRUP","MAPLE SYRUP, RETAIL, CONTAINERS - SALES, MEASURED IN PCT BY OUTLET","TOTAL","NOT SPECIFIED","9",""
"SURVEY","2016","MARKETING YEAR","","STATE","VERMONT","50","","","","","","","00000000","","MAPLE SYRUP","MAPLE SYRUP, RETAIL, CONTAINERS, 0.5 GALLON - PRICE RECEIVED, MEASURED IN $ / CONTAINER","TOTAL","NOT SPECIFIED","27",""
"SURVEY","2016","MARKETING YEAR","","STATE","VERMONT","50","","","","","","","00000000","","MAPLE SYRUP","MAPLE SYRUP, RETAIL, CONTAINERS, 0.5 PINT - PRICE RECEIVED, MEASURED IN $ / CONTAINER","TOTAL","NOT SPECIFIED","6.7",""
"SURVEY","2016","MARKETING YEAR","","STATE","VERMONT","50","","","","","","","00000000","","MAPLE SYRUP","MAPLE SYRUP, RETAIL, CONTAINERS, 1 GALLON - PRICE RECEIVED, MEASURED IN $ / CONTAINER","TOTAL","NOT SPECIFIED","47.4",""
"SURVEY","2016","MARKETING YEAR","","STATE","VERMONT","50","","","","","","","00000000","","MAPLE SYRUP","MAPLE SYRUP, RETAIL, CONTAINERS, 1 PINT - PRICE RECEIVED, MEASURED IN $ / CONTAINER","TOTAL","NOT SPECIFIED","10.4",""
"SURVEY","2016","MARKETING YEAR","","STATE","VERMONT","50","","","","","","","00000000","","MAPLE SYRUP","MAPLE SYRUP, RETAIL, CONTAINERS, 1 QUART - PRICE RECEIVED, MEASURED IN $ / CONTAINER","TOTAL","NOT SPECIFIED","16.6",""
"SURVEY","2016","MARKETING YEAR","","STATE","VERMONT","50","","","","","","","00000000","","MAPLE SYRUP","MAPLE SYRUP, WHOLESALE, BULK - PRICE RECEIVED, MEASURED IN $ / GALLON","TOTAL","NOT SPECIFIED","25.4",""
"SURVEY","2016","MARKETING YEAR","","STATE","VERMONT","50","","","","","","","00000000","","MAPLE SYRUP","MAPLE SYRUP, WHOLESALE, BULK - PRICE RECEIVED, MEASURED IN $ / LB","TOTAL","NOT SPECIFIED","2.3",""
"SURVEY","2016","MARKETING YEAR","","STATE","VERMONT","50","","","","","","","00000000","","MAPLE SYRUP","MAPLE SYRUP, WHOLESALE, BULK - SALES, MEASURED IN PCT BY OUTLET","TOTAL","NOT SPECIFIED","86",""
"SURVEY","2016","MARKETING YEAR","","STATE","VERMONT","50","","","","","","","00000000","","MAPLE SYRUP","MAPLE SYRUP, WHOLESALE, CONTAINERS - SALES, MEASURED IN PCT BY OUTLET","TOTAL","NOT SPECIFIED","5",""
"SURVEY","2016","MARKETING YEAR","","STATE","VERMONT","50","","","","","","","00000000","","MAPLE SYRUP","MAPLE SYRUP, WHOLESALE, CONTAINERS, 0.5 GALLON - PRICE RECEIVED, MEASURED IN $ / CONTAINER","TOTAL","NOT SPECIFIED","24.2",""
"SURVEY","2016","MARKETING YEAR","","STATE","VERMONT","50","","","","","","","00000000","","MAPLE SYRUP","MAPLE SYRUP, WHOLESALE, CONTAINERS, 0.5 PINT - PRICE RECEIVED, MEASURED IN $ / CONTAINER","TOTAL","NOT SPECIFIED","4.8",""
"SURVEY","2016","MARKETING YEAR","","STATE","VERMONT","50","","","","","","","00000000","","MAPLE SYRUP","MAPLE SYRUP, WHOLESALE, CONTAINERS, 1 GALLON - PRICE RECEIVED, MEASURED IN $ / CONTAINER","TOTAL","NOT SPECIFIED","40",""
"SURVEY","2016","MARKETING YEAR","","STATE","VERMONT","50","","","","","","","00000000","","MAPLE SYRUP","MAPLE SYRUP, WHOLESALE, CONTAINERS, 1 PINT - PRICE RECEIVED, MEASURED IN $ / CONTAINER","TOTAL","NOT SPECIFIED","7.5",""
"SURVEY","2016","MARKETING YEAR","","STATE","VERMONT","50","","","","","","","00000000","","MAPLE SYRUP","MAPLE SYRUP, WHOLESALE, CONTAINERS, 1 QUART - PRICE RECEIVED, MEASURED IN $ / CONTAINER","TOTAL","NOT SPECIFIED","13.3",""
"SURVEY","2016","YEAR","","STATE","VERMONT","50","","","","","","","00000000","","MAPLE SYRUP","MAPLE SYRUP - LENGTH OF SEASON, AVG, MEASURED IN DAYS","TOTAL","NOT SPECIFIED","44",""
"SURVEY","2016","YEAR","","STATE","VERMONT","50","","","","","","","00000000","","MAPLE SYRUP","MAPLE SYRUP - NUMBER OF TAPS","TOTAL","NOT SPECIFIED","4,900,000",""
"SURVEY","2016","YEAR","","STATE","VERMONT","50","","","","","","","00000000","","MAPLE SYRUP","MAPLE SYRUP - PRODUCTION, MEASURED IN $","TOTAL","NOT SPECIFIED","59,700,000",""
"SURVEY","2016","YEAR","","STATE","VERMONT","50","","","","","","","00000000","","MAPLE SYRUP","MAPLE SYRUP - PRODUCTION, MEASURED IN GALLONS","TOTAL","NOT SPECIFIED","1,900,000",""
"SURVEY","2016","YEAR","","STATE","VERMONT","50","","","","","","","00000000","","MAPLE SYRUP","MAPLE SYRUP - YIELD, MEASURED IN GALLONS / TAP","TOTAL","NOT SPECIFIED","0.388",""
"SURVEY","2016","YEAR","","STATE","VERMONT","50","","","","","","","00000000","","MAPLE SYRUP","MAPLE SYRUP, HARVEST - END DATE, AVG, MEASURED IN DATE","TOTAL","NOT SPECIFIED","Apr 8",""
"SURVEY","2016","YEAR","","STATE","VERMONT","50","","","","","","","00000000","","MAPLE SYRUP","MAPLE SYRUP, HARVEST - END DATE, MAX, MEASURED IN DATE","TOTAL","NOT SPECIFIED","May 1",""
"SURVEY","2016","YEAR","","STATE","VERMONT","50","","","","","","","00000000","","MAPLE SYRUP","MAPLE SYRUP, HARVEST - START DATE, AVG, MEASURED IN DATE","TOTAL","NOT SPECIFIED","Feb 24",""
"SURVEY","2016","YEAR","","STATE","VERMONT","50","","","","","","","00000000","","MAPLE SYRUP","MAPLE SYRUP, HARVEST - START DATE, MIN, MEASURED IN DATE","TOTAL","NOT SPECIFIED","Jan 1",""
"SURVEY","2015","MARKETING YEAR","","STATE","VERMONT","50","","","","","","","00000000","","MAPLE SYRUP","MAPLE SYRUP - PRICE RECEIVED, MEASURED IN $ / GALLON","TOTAL","NOT SPECIFIED","33",""
"SURVEY","2015","MARKETING YEAR","","STATE","VERMONT","50","","","","","","","00000000","","MAPLE SYRUP","MAPLE SYRUP, RETAIL, CONTAINERS - SALES, MEASURED IN PCT BY OUTLET","TOTAL","NOT SPECIFIED","10",""
"SURVEY","2015","MARKETING YEAR","","STATE","VERMONT","50","","","","","","","00000000","","MAPLE SYRUP","MAPLE SYRUP, RETAIL, CONTAINERS, 0.5 GALLON - PRICE RECEIVED, MEASURED IN $ / CONTAINER","TOTAL","NOT SPECIFIED","27.3",""
"SURVEY","2015","MARKETING YEAR","","STATE","VERMONT","50","","","","","","","00000000","","MAPLE SYRUP","MAPLE SYRUP, RETAIL, CONTAINERS, 0.5 PINT - PRICE RECEIVED, MEASURED IN $ / CONTAINER","TOTAL","NOT SPECIFIED","6.5",""
"SURVEY","2015","MARKETING YEAR","","STATE","VERMONT","50","","","","","","","00000000","","MAPLE SYRUP","MAPLE SYRUP, RETAIL, CONTAINERS, 1 GALLON - PRICE RECEIVED, MEASURED IN $ / CONTAINER","TOTAL","NOT SPECIFIED","46.6",""
"SURVEY","2015","MARKETING YEAR","","STATE","VERMONT","50","","","","","","","00000000","","MAPLE SYRUP","MAPLE SYRUP, RETAIL, CONTAINERS, 1 PINT - PRICE RECEIVED, MEASURED IN $ / CONTAINER","TOTAL","NOT SPECIFIED","9.8",""
"SURVEY","2015","MARKETING YEAR","","STATE","VERMONT","50","","","","","","","00000000","","MAPLE SYRUP","MAPLE SYRUP, RETAIL, CONTAINERS, 1 QUART - PRICE RECEIVED, MEASURED IN $ / CONTAINER","TOTAL","NOT SPECIFIED","17.3",""
"SURVEY","2015","MARKETING YEAR","","STATE","VERMONT","50","","","","","","","00000000","","MAPLE SYRUP","MAPLE SYRUP, WHOLESALE, BULK - PRICE RECEIVED, MEASURED IN $ / GALLON","TOTAL","NOT SPECIFIED","27",""
"SURVEY","2015","MARKETING YEAR","","STATE","VERMONT","50","","","","","","","00000000","","MAPLE SYRUP","MAPLE SYRUP, WHOLESALE, BULK - PRICE RECEIVED, MEASURED IN $ / LB","TOTAL","NOT SPECIFIED","2.45",""
"SURVEY","2015","MARKETING YEAR","","STATE","VERMONT","50","","","","","","","00000000","","MAPLE SYRUP","MAPLE SYRUP, WHOLESALE, BULK - SALES, MEASURED IN PCT BY OUTLET","TOTAL","NOT SPECIFIED","81",""
"SURVEY","2015","MARKETING YEAR","","STATE","VERMONT","50","","","","","","","00000000","","MAPLE SYRUP","MAPLE SYRUP, WHOLESALE, CONTAINERS - SALES, MEASURED IN PCT BY OUTLET","TOTAL","NOT SPECIFIED","9",""
"SURVEY","2015","MARKETING YEAR","","STATE","VERMONT","50","","","","","","","00000000","","MAPLE SYRUP","MAPLE SYRUP, WHOLESALE, CONTAINERS, 0.5 GALLON - PRICE RECEIVED, MEASURED IN $ / CONTAINER","TOTAL","NOT SPECIFIED","27",""
"SURVEY","2015","MARKETING YEAR","","STATE","VERMONT","50","","","","","","","00000000","","MAPLE SYRUP","MAPLE SYRUP, WHOLESALE, CONTAINERS, 0.5 PINT - PRICE RECEIVED, MEASURED IN $ / CONTAINER","TOTAL","NOT SPECIFIED","4.8",""
"SURVEY","2015","MARKETING YEAR","","STATE","VERMONT","50","","","","","","","00000000","","MAPLE SYRUP","MAPLE SYRUP, WHOLESALE, CONTAINERS, 1 GALLON - PRICE RECEIVED, MEASURED IN $ / CONTAINER","TOTAL","NOT SPECIFIED","42",""
"SURVEY","2015","MARKETING YEAR","","STATE","VERMONT","50","","","","","","","00000000","","MAPLE SYRUP","MAPLE SYRUP, WHOLESALE, CONTAINERS, 1 PINT - PRICE RECEIVED, MEASURED IN $ / CONTAINER","TOTAL","NOT SPECIFIED","8.1",""
"SURVEY","2015","MARKETING YEAR","","STATE","VERMONT","50","","","","","","","00000000","","MAPLE SYRUP","MAPLE SYRUP, WHOLESALE, CONTAINERS, 1 QUART - PRICE RECEIVED, MEASURED IN $ / CONTAINER","TOTAL","NOT SPECIFIED","14.5",""
"SURVEY","2015","YEAR","","STATE","VERMONT","50","","","","","","","00000000","","MAPLE SYRUP","MAPLE SYRUP - LENGTH OF SEASON, AVG, MEASURED IN DAYS","TOTAL","NOT SPECIFIED","26",""
"SURVEY","2015","YEAR","","STATE","VERMONT","50","","","","","","","00000000","","MAPLE SYRUP","MAPLE SYRUP - NUMBER OF TAPS","TOTAL","NOT SPECIFIED","4,550,000",""
"SURVEY","2015","YEAR","","STATE","VERMONT","50","","","","","","","00000000","","MAPLE SYRUP","MAPLE SYRUP - PRODUCTION, MEASURED IN $","TOTAL","NOT SPECIFIED","46,530,000",""
"SURVEY","2015","YEAR","","STATE","VERMONT","50","","","","","","","00000000","","MAPLE SYRUP","MAPLE SYRUP - PRODUCTION, MEASURED IN GALLONS","TOTAL","NOT SPECIFIED","1,410,000",""
"SURVEY","2015","YEAR","","STATE","VERMONT","50","","","","","","","00000000","","MAPLE SYRUP","MAPLE SYRUP - YIELD, MEASURED IN GALLONS / TAP","TOTAL","NOT SPECIFIED","0.31",""
"SURVEY","2015","YEAR","","STATE","VERMONT","50","","","","","","","00000000","","MAPLE SYRUP","MAPLE SYRUP, AMBER - PRODUCTION, MEASURED IN PCT BY COLOR","TOTAL","NOT SPECIFIED","53",""
"SURVEY","2015","YEAR","","STATE","VERMONT","50","","","","","","","00000000","","MAPLE SYRUP","MAPLE SYRUP, DARK, (EXCL VERY DARK) - PRODUCTION, MEASURED IN PCT BY COLOR","TOTAL","NOT SPECIFIED","8",""
"SURVEY","2015","YEAR","","STATE","VERMONT","50","","","","","","","00000000","","MAPLE SYRUP","MAPLE SYRUP, GOLDEN - PRODUCTION, MEASURED IN PCT BY COLOR","TOTAL","NOT SPECIFIED","39",""
"SURVEY","2015","YEAR","","STATE","VERMONT","50","","","","","","","00000000","","MAPLE SYRUP","MAPLE SYRUP, HARVEST - CONDITION, MEASURED IN PCT FAVORABLE","TOTAL","NOT SPECIFIED","40",""
"SURVEY","2015","YEAR","","STATE","VERMONT","50","","","","","","","00000000","","MAPLE SYRUP","MAPLE SYRUP, HARVEST - CONDITION, MEASURED IN PCT TOO COLD","TOTAL","NOT SPECIFIED","56",""
"SURVEY","2015","YEAR","","STATE","VERMONT","50","","","","","","","00000000","","MAPLE SYRUP","MAPLE SYRUP, HARVEST - CONDITION, MEASURED IN PCT TOO WARM","TOTAL","NOT SPECIFIED","4",""
"SURVEY","2015","YEAR","","STATE","VERMONT","50","","","","","","","00000000","","MAPLE SYRUP","MAPLE SYRUP, HARVEST - END DATE, AVG, MEASURED IN JULIAN DATE","TOTAL","NOT SPECIFIED","107",""
"SURVEY","2015","YEAR","","STATE","VERMONT","50","","","","","","","00000000","","MAPLE SYRUP","MAPLE SYRUP, HARVEST - END DATE, MAX, MEASURED IN JULIAN DATE","TOTAL","NOT SPECIFIED","125",""
"SURVEY","2015","YEAR","","STATE","VERMONT","50","","","","","","","00000000","","MAPLE SYRUP","MAPLE SYRUP, HARVEST - START DATE, AVG, MEASURED IN JULIAN DATE","TOTAL","NOT SPECIFIED","81",""
"SURVEY","2015","YEAR","","STATE","VERMONT","50","","","","","","","00000000","","MAPLE SYRUP","MAPLE SYRUP, HARVEST - START DATE, MIN, MEASURED IN JULIAN DATE","TOTAL","NOT SPECIFIED","1",""
"SURVEY","2015","YEAR","","STATE","VERMONT","50","","","","","","","00000000","","MAPLE SYRUP","MAPLE SYRUP, SAP TO SYRUP - RATIO, MEASURED IN GALLONS / GALLON","TOTAL","NOT SPECIFIED","42",""
"SURVEY","2015","YEAR","","STATE","VERMONT","50","","","","","","","00000000","","MAPLE SYRUP","MAPLE SYRUP, VERY DARK - PRODUCTION, MEASURED IN PCT BY COLOR","TOTAL","NOT SPECIFIED","0",""
"SURVEY","2014","MARKETING YEAR","","STATE","VERMONT","50","","","","","","","00000000","","MAPLE SYRUP","MAPLE SYRUP - PRICE RECEIVED, MEASURED IN $ / GALLON","TOTAL","NOT SPECIFIED","33",""
"SURVEY","2014","MARKETING YEAR","","STATE","VERMONT","50","","","","","","","00000000","","MAPLE SYRUP","MAPLE SYRUP, AMBER - PRICE RECEIVED, MEASURED IN $ / LB","TOTAL","NOT SPECIFIED","2.65",""
"SURVEY","2014","MARKETING YEAR","","STATE","VERMONT","50","","","","","","","00000000","","MAPLE SYRUP","MAPLE SYRUP, DARK, (EXCL VERY DARK) - PRICE RECEIVED, MEASURED IN $ / LB","TOTAL","NOT SPECIFIED","2.6",""
"SURVEY","2014","MARKETING YEAR","","STATE","VERMONT","50","","","","","","","00000000","","MAPLE SYRUP","MAPLE SYRUP, GOLDEN - PRICE RECEIVED, MEASURED IN $ / LB","TOTAL","NOT SPECIFIED","2.6",""
"SURVEY","2014","MARKETING YEAR","","STATE","VERMONT","50","","","","","","","00000000","","MAPLE SYRUP","MAPLE SYRUP, RETAIL, CONTAINERS - SALES, MEASURED IN PCT BY OUTLET","TOTAL","NOT SPECIFIED","11",""
"SURVEY","2014","MARKETING YEAR","","STATE","VERMONT","50","","","","","","","00000000","","MAPLE SYRUP","MAPLE SYRUP, RETAIL, CONTAINERS, 0.5 GALLON - PRICE RECEIVED, MEASURED IN $ / CONTAINER","TOTAL","NOT SPECIFIED","27",""
"SURVEY","2014","MARKETING YEAR","","STATE","VERMONT","50","","","","","","","00000000","","MAPLE SYRUP","MAPLE SYRUP, RETAIL, CONTAINERS, 0.5 PINT - PRICE RECEIVED, MEASURED IN $ / CONTAINER","TOTAL","NOT SPECIFIED","6.1",""
"SURVEY","2014","MARKETING YEAR","","STATE","VERMONT","50","","","","","","","00000000","","MAPLE SYRUP","MAPLE SYRUP, RETAIL, CONTAINERS, 1 GALLON - PRICE RECEIVED, MEASURED IN $ / CONTAINER","TOTAL","NOT SPECIFIED","47",""
"SURVEY","2014","MARKETING YEAR","","STATE","VERMONT","50","","","","","","","00000000","","MAPLE SYRUP","MAPLE SYRUP, RETAIL, CONTAINERS, 1 PINT - PRICE RECEIVED, MEASURED IN $ / CONTAINER","TOTAL","NOT SPECIFIED","9.8",""
"SURVEY","2014","MARKETING YEAR","","STATE","VERMONT","50","","","","","","","00000000","","MAPLE SYRUP","MAPLE SYRUP, RETAIL, CONTAINERS, 1 QUART - PRICE RECEIVED, MEASURED IN $ / CONTAINER","TOTAL","NOT SPECIFIED","16",""
"SURVEY","2014","MARKETING YEAR","","STATE","VERMONT","50","","","","","","","00000000","","MAPLE SYRUP","MAPLE SYRUP, RETAIL, CONTAINERS, 12 OZ - PRICE RECEIVED, MEASURED IN $ / CONTAINER","TOTAL","NOT SPECIFIED","11.8",""
"SURVEY","2014","MARKETING YEAR","","STATE","VERMONT","50","","","","","","","00000000","","MAPLE SYRUP","MAPLE SYRUP, RETAIL, CONTAINERS, 34 OZ - PRICE RECEIVED, MEASURED IN $ / CONTAINER","TOTAL","NOT SPECIFIED","4.2",""
"SURVEY","2014","MARKETING YEAR","","STATE","VERMONT","50","","","","","","","00000000","","MAPLE SYRUP","MAPLE SYRUP, RETAIL, CONTAINERS, 8.5 OZ - PRICE RECEIVED, MEASURED IN $ / CONTAINER","TOTAL","NOT SPECIFIED","8.1",""
"SURVEY","2014","MARKETING YEAR","","STATE","VERMONT","50","","","","","","","00000000","","MAPLE SYRUP","MAPLE SYRUP, VERY DARK - PRICE RECEIVED, MEASURED IN $ / LB","TOTAL","NOT SPECIFIED","2.3",""
"SURVEY","2014","MARKETING YEAR","","STATE","VERMONT","50","","","","","","","00000000","","MAPLE SYRUP","MAPLE SYRUP, WHOLESALE, BULK - PRICE RECEIVED, MEASURED IN $ / GALLON","TOTAL","NOT SPECIFIED","28.5",""
"SURVEY","2014","MARKETING YEAR","","STATE","VERMONT","50","","","","","","","00000000","","MAPLE SYRUP","MAPLE SYRUP, WHOLESALE, BULK - PRICE RECEIVED, MEASURED IN $ / LB","TOTAL","NOT SPECIFIED","2.59",""
"SURVEY","2014","MARKETING YEAR","","STATE","VERMONT","50","","","","","","","00000000","","MAPLE SYRUP","MAPLE SYRUP, WHOLESALE, BULK - SALES, MEASURED IN PCT BY OUTLET","TOTAL","NOT SPECIFIED","83",""
"SURVEY","2014","MARKETING YEAR","","STATE","VERMONT","50","","","","","","","00000000","","MAPLE SYRUP","MAPLE SYRUP, WHOLESALE, CONTAINERS - SALES, MEASURED IN PCT BY OUTLET","TOTAL","NOT SPECIFIED","6",""
"SURVEY","2014","MARKETING YEAR","","STATE","VERMONT","50","","","","","","","00000000","","MAPLE SYRUP","MAPLE SYRUP, WHOLESALE, CONTAINERS, 0.5 GALLON - PRICE RECEIVED, MEASURED IN $ / CONTAINER","TOTAL","NOT SPECIFIED","24.3",""
"SURVEY","2014","MARKETING YEAR","","STATE","VERMONT","50","","","","","","","00000000","","MAPLE SYRUP","MAPLE SYRUP, WHOLESALE, CONTAINERS, 0.5 PINT - PRICE RECEIVED, MEASURED IN $ / CONTAINER","TOTAL","NOT SPECIFIED","5.2",""
"SURVEY","2014","MARKETING YEAR","","STATE","VERMONT","50","","","","","","","00000000","","MAPLE SYRUP","MAPLE SYRUP, WHOLESALE, CONTAINERS, 1 GALLON - PRICE RECEIVED, MEASURED IN $ / CONTAINER","TOTAL","NOT SPECIFIED","39.3",""
"SURVEY","2014","MARKETING YEAR","","STATE","VERMONT","50","","","","","","","00000000","","MAPLE SYRUP","MAPLE SYRUP, WHOLESALE, CONTAINERS, 1 PINT - PRICE RECEIVED, MEASURED IN $ / CONTAINER","TOTAL","NOT SPECIFIED","8.2",""
"SURVEY","2014","MARKETING YEAR","","STATE","VERMONT","50","","","","","","","00000000","","MAPLE SYRUP","MAPLE SYRUP, WHOLESALE, CONTAINERS, 1 QUART - PRICE RECEIVED, MEASURED IN $ / CONTAINER","TOTAL","NOT SPECIFIED","13.9",""
"SURVEY","2014","MARKETING YEAR","","STATE","VERMONT","50","","","","","","","00000000","","MAPLE SYRUP","MAPLE SYRUP, WHOLESALE, CONTAINERS, 34 OZ - PRICE RECEIVED, MEASURED IN $ / CONTAINER","TOTAL","NOT SPECIFIED","3",""
"SURVEY","2014","YEAR","","STATE","VERMONT","50","","","","","","","00000000","","MAPLE SYRUP","MAPLE SYRUP - LENGTH OF SEASON, AVG, MEASURED IN DAYS","TOTAL","NOT SPECIFIED","28",""
"SURVEY","2014","YEAR","","STATE","VERMONT","50","","","","","","","00000000","","MAPLE SYRUP","MAPLE SYRUP - NUMBER OF TAPS","TOTAL","NOT SPECIFIED","4,350,000",""
"SURVEY","2014","YEAR","","STATE","VERMONT","50","","","","","","","00000000","","MAPLE SYRUP","MAPLE SYRUP - PRODUCTION, MEASURED IN $","TOTAL","NOT SPECIFIED","44,550,000",""
"SURVEY","2014","YEAR","","STATE","VERMONT","50","","","","","","","00000000","","MAPLE SYRUP","MAPLE SYRUP - PRODUCTION, MEASURED IN GALLONS","TOTAL","NOT SPECIFIED","1,350,000",""
"SURVEY","2014","YEAR","","STATE","VERMONT","50","","","","","","","00000000","","MAPLE SYRUP","MAPLE SYRUP - YIELD, MEASURED IN GALLONS / TAP","TOTAL","NOT SPECIFIED","0.31",""
"SURVEY","2014","YEAR","","STATE","VERMONT","50","","","","","","","00000000","","MAPLE SYRUP","MAPLE SYRUP, HARVEST - CONDITION, MEASURED IN PCT FAVORABLE","TOTAL","NOT SPECIFIED","27",""
"SURVEY","2014","YEAR","","STATE","VERMONT","50","","","","","","","00000000","","MAPLE SYRUP","MAPLE SYRUP, HARVEST - CONDITION, MEASURED IN PCT TOO COLD","TOTAL","NOT SPECIFIED","66",""
"SURVEY","2014","YEAR","","STATE","VERMONT","50","","","","","","","00000000","","MAPLE SYRUP","MAPLE SYRUP, HARVEST - CONDITION, MEASURED IN PCT TOO WARM","TOTAL","NOT SPECIFIED","7",""
"SURVEY","2014","YEAR","","STATE","VERMONT","50","","","","","","","00000000","","MAPLE SYRUP","MAPLE SYRUP, HARVEST - END DATE, AVG, MEASURED IN JULIAN DATE","TOTAL","NOT SPECIFIED","107",""
"SURVEY","2014","YEAR","","STATE","VERMONT","50","","","","","","","00000000","","MAPLE SYRUP","MAPLE SYRUP, HARVEST - END DATE, MAX, MEASURED IN JULIAN DATE","TOTAL","NOT SPECIFIED","143",""
"SURVEY","2014","YEAR","","STATE","VERMONT","50","","","","","","","00000000","","MAPLE SYRUP","MAPLE SYRUP, HARVEST - START DATE, MIN, MEASURED IN JULIAN DATE","TOTAL","NOT SPECIFIED","10",""
"SURVEY","2014","YEAR","","STATE","VERMONT","50","","","","","","","00000000","","MAPLE SYRUP","MAPLE SYRUP, SAP TO SYRUP - RATIO, MEASURED IN GALLONS / GALLON","TOTAL","NOT SPECIFIED","45",""
"SURVEY","2013","MARKETING YEAR","","STATE","VERMONT","50","","","","","","","00000000","","MAPLE SYRUP","MAPLE SYRUP - PRICE RECEIVED, MEASURED IN $ / GALLON","TOTAL","NOT SPECIFIED","33.4",""
"SURVEY","2013","MARKETING YEAR","","STATE","VERMONT","50","","","","","","","00000000","","MAPLE SYRUP","MAPLE SYRUP, RETAIL, CONTAINERS - SALES, MEASURED IN PCT BY OUTLET","TOTAL","NOT SPECIFIED","10",""
"SURVEY","2013","MARKETING YEAR","","STATE","VERMONT","50","","","","","","","00000000","","MAPLE SYRUP","MAPLE SYRUP, RETAIL, CONTAINERS, 0.5 GALLON - PRICE RECEIVED, MEASURED IN $ / CONTAINER","TOTAL","NOT SPECIFIED","26.4",""
"SURVEY","2013","MARKETING YEAR","","STATE","VERMONT","50","","","","","","","00000000","","MAPLE SYRUP","MAPLE SYRUP, RETAIL, CONTAINERS, 0.5 PINT - PRICE RECEIVED, MEASURED IN $ / CONTAINER","TOTAL","NOT SPECIFIED","6.6",""
"SURVEY","2013","MARKETING YEAR","","STATE","VERMONT","50","","","","","","","00000000","","MAPLE SYRUP","MAPLE SYRUP, RETAIL, CONTAINERS, 1 GALLON - PRICE RECEIVED, MEASURED IN $ / CONTAINER","TOTAL","NOT SPECIFIED","45.3",""
"SURVEY","2013","MARKETING YEAR","","STATE","VERMONT","50","","","","","","","00000000","","MAPLE SYRUP","MAPLE SYRUP, RETAIL, CONTAINERS, 1 PINT - PRICE RECEIVED, MEASURED IN $ / CONTAINER","TOTAL","NOT SPECIFIED","10.5",""
"SURVEY","2013","MARKETING YEAR","","STATE","VERMONT","50","","","","","","","00000000","","MAPLE SYRUP","MAPLE SYRUP, RETAIL, CONTAINERS, 1 QUART - PRICE RECEIVED, MEASURED IN $ / CONTAINER","TOTAL","NOT SPECIFIED","16.2",""
"SURVEY","2013","MARKETING YEAR","","STATE","VERMONT","50","","","","","","","00000000","","MAPLE SYRUP","MAPLE SYRUP, RETAIL, CONTAINERS, 34 OZ - PRICE RECEIVED, MEASURED IN $ / CONTAINER","TOTAL","NOT SPECIFIED","4.3",""
"SURVEY","2013","MARKETING YEAR","","STATE","VERMONT","50","","","","","","","00000000","","MAPLE SYRUP","MAPLE SYRUP, RETAIL, CONTAINERS, 8.5 OZ - PRICE RECEIVED, MEASURED IN $ / CONTAINER","TOTAL","NOT SPECIFIED","8",""
"SURVEY","2013","MARKETING YEAR","","STATE","VERMONT","50","","","","","","","00000000","","MAPLE SYRUP","MAPLE SYRUP, WHOLESALE, BULK - PRICE RECEIVED, MEASURED IN $ / GALLON","TOTAL","NOT SPECIFIED","30.3",""
"SURVEY","2013","MARKETING YEAR","","STATE","VERMONT","50","","","","","","","00000000","","MAPLE SYRUP","MAPLE SYRUP, WHOLESALE, BULK - PRICE RECEIVED, MEASURED IN $ / LB","TOTAL","NOT SPECIFIED","2.75",""
"SURVEY","2013","MARKETING YEAR","","STATE","VERMONT","50","","","","","","","00000000","","MAPLE SYRUP","MAPLE SYRUP, WHOLESALE, BULK - SALES, MEASURED IN PCT BY OUTLET","TOTAL","NOT SPECIFIED","87",""
"SURVEY","2013","MARKETING YEAR","","STATE","VERMONT","50","","","","","","","00000000","","MAPLE SYRUP","MAPLE SYRUP, WHOLESALE, CONTAINERS - SALES, MEASURED IN PCT BY OUTLET","TOTAL","NOT SPECIFIED","3",""
"SURVEY","2013","MARKETING YEAR","","STATE","VERMONT","50","","","","","","","00000000","","MAPLE SYRUP","MAPLE SYRUP, WHOLESALE, CONTAINERS, 0.5 GALLON - PRICE RECEIVED, MEASURED IN $ / CONTAINER","TOTAL","NOT SPECIFIED","23.3",""
"SURVEY","2013","MARKETING YEAR","","STATE","VERMONT","50","","","","","","","00000000","","MAPLE SYRUP","MAPLE SYRUP, WHOLESALE, CONTAINERS, 0.5 PINT - PRICE RECEIVED, MEASURED IN $ / CONTAINER","TOTAL","NOT SPECIFIED","5.1",""
"SURVEY","2013","MARKETING YEAR","","STATE","VERMONT","50","","","","","","","00000000","","MAPLE SYRUP","MAPLE SYRUP, WHOLESALE, CONTAINERS, 1 GALLON - PRICE RECEIVED, MEASURED IN $ / CONTAINER","TOTAL","NOT SPECIFIED","38.5",""
"SURVEY","2013","MARKETING YEAR","","STATE","VERMONT","50","","","","","","","00000000","","MAPLE SYRUP","MAPLE SYRUP, WHOLESALE, CONTAINERS, 1 PINT - PRICE RECEIVED, MEASURED IN $ / CONTAINER","TOTAL","NOT SPECIFIED","8.4",""
"SURVEY","2013","MARKETING YEAR","","STATE","VERMONT","50","","","","","","","00000000","","MAPLE SYRUP","MAPLE SYRUP, WHOLESALE, CONTAINERS, 1 QUART - PRICE RECEIVED, MEASURED IN $ / CONTAINER","TOTAL","NOT SPECIFIED","13.7",""
"SURVEY","2013","MARKETING YEAR","","STATE","VERMONT","50","","","","","","","00000000","","MAPLE SYRUP","MAPLE SYRUP, WHOLESALE, CONTAINERS, 34 OZ - PRICE RECEIVED, MEASURED IN $ / CONTAINER","TOTAL","NOT SPECIFIED","3.1",""
"SURVEY","2013","MARKETING YEAR","","STATE","VERMONT","50","","","","","","","00000000","","MAPLE SYRUP","MAPLE SYRUP, WHOLESALE, CONTAINERS, 8.5 OZ - PRICE RECEIVED, MEASURED IN $ / CONTAINER","TOTAL","NOT SPECIFIED","7.2",""
"SURVEY","2013","YEAR","","STATE","VERMONT","50","","","","","","","00000000","","MAPLE SYRUP","MAPLE SYRUP - LENGTH OF SEASON, AVG, MEASURED IN DAYS","TOTAL","NOT SPECIFIED","41",""
"SURVEY","2013","YEAR","","STATE","VERMONT","50","","","","","","","00000000","","MAPLE SYRUP","MAPLE SYRUP - NUMBER OF TAPS","TOTAL","NOT SPECIFIED","4,200,000",""
"SURVEY","2013","YEAR","","STATE","VERMONT","50","","","","","","","00000000","","MAPLE SYRUP","MAPLE SYRUP - PRODUCTION, MEASURED IN $","TOTAL","NOT SPECIFIED","49,432,000",""
"SURVEY","2013","YEAR","","STATE","VERMONT","50","","","","","","","00000000","","MAPLE SYRUP","MAPLE SYRUP - PRODUCTION, MEASURED IN GALLONS","TOTAL","NOT SPECIFIED","1,480,000",""
"SURVEY","2013","YEAR","","STATE","VERMONT","50","","","","","","","00000000","","MAPLE SYRUP","MAPLE SYRUP - YIELD, MEASURED IN GALLONS / TAP","TOTAL","NOT SPECIFIED","0.352",""
"SURVEY","2013","YEAR","","STATE","VERMONT","50","","","","","","","00000000","","MAPLE SYRUP","MAPLE SYRUP, HARVEST - CONDITION, MEASURED IN PCT FAVORABLE","TOTAL","NOT SPECIFIED","79",""
"SURVEY","2013","YEAR","","STATE","VERMONT","50","","","","","","","00000000","","MAPLE SYRUP","MAPLE SYRUP, HARVEST - CONDITION, MEASURED IN PCT TOO COLD","TOTAL","NOT SPECIFIED","20",""
"SURVEY","2013","YEAR","","STATE","VERMONT","50","","","","","","","00000000","","MAPLE SYRUP","MAPLE SYRUP, HARVEST - CONDITION, MEASURED IN PCT TOO WARM","TOTAL","NOT SPECIFIED","1",""
"SURVEY","2013","YEAR","","STATE","VERMONT","50","","","","","","","00000000","","MAPLE SYRUP","MAPLE SYRUP, HARVEST - END DATE, MAX, MEASURED IN JULIAN DATE","TOTAL","NOT SPECIFIED","121",""
"SURVEY","2013","YEAR","","STATE","VERMONT","50","","","","","","","00000000","","MAPLE SYRUP","MAPLE SYRUP, HARVEST - START DATE, MIN, MEASURED IN JULIAN DATE","TOTAL","NOT SPECIFIED","8",""
"SURVEY","2013","YEAR","","STATE","VERMONT","50","","","","","","","00000000","","MAPLE SYRUP","MAPLE SYRUP, SAP TO SYRUP - RATIO, MEASURED IN GALLONS / GALLON","TOTAL","NOT SPECIFIED","46",""
"SURVEY","2012","MARKETING YEAR","","STATE","VERMONT","50","","","","","","","00000000","","MAPLE SYRUP","MAPLE SYRUP - PRICE RECEIVED, MEASURED IN $ / GALLON","TOTAL","NOT SPECIFIED","35.5",""
"SURVEY","2012","YEAR","","STATE","VERMONT","50","","","","","","","00000000","","MAPLE SYRUP","MAPLE SYRUP - NUMBER OF TAPS","TOTAL","NOT SPECIFIED","4,350,000",""
"SURVEY","2012","YEAR","","STATE","VERMONT","50","","","","","","","00000000","","MAPLE SYRUP","MAPLE SYRUP - PRODUCTION, MEASURED IN $","TOTAL","NOT SPECIFIED","35,465,000",""
"SURVEY","2012","YEAR","","STATE","VERMONT","50","","","","","","","00000000","","MAPLE SYRUP","MAPLE SYRUP - PRODUCTION, MEASURED IN GALLONS","TOTAL","NOT SPECIFIED","999,000",""
"SURVEY","2012","YEAR","","STATE","VERMONT","50","","","","","","","00000000","","MAPLE SYRUP","MAPLE SYRUP - YIELD, MEASURED IN GALLONS / TAP","TOTAL","NOT SPECIFIED","0.23",""
"SURVEY","2011","MARKETING YEAR","","STATE","VERMONT","50","","","","","","","00000000","","MAPLE SYRUP","MAPLE SYRUP - PRICE RECEIVED, MEASURED IN $ / GALLON","TOTAL","NOT SPECIFIED","35",""
"SURVEY","2011","YEAR","","STATE","VERMONT","50","","","","","","","00000000","","MAPLE SYRUP","MAPLE SYRUP - NUMBER OF TAPS","TOTAL","NOT SPECIFIED","3,550,000",""
"SURVEY","2011","YEAR","","STATE","VERMONT","50","","","","","","","00000000","","MAPLE SYRUP","MAPLE SYRUP - PRODUCTION, MEASURED IN $","TOTAL","NOT SPECIFIED","43,050,000",""
"SURVEY","2011","YEAR","","STATE","VERMONT","50","","","","","","","00000000","","MAPLE SYRUP","MAPLE SYRUP - PRODUCTION, MEASURED IN GALLONS","TOTAL","NOT SPECIFIED","1,230,000",""
"SURVEY","2011","YEAR","","STATE","VERMONT","50","","","","","","","00000000","","MAPLE SYRUP","MAPLE SYRUP - YIELD, MEASURED IN GALLONS / TAP","TOTAL","NOT SPECIFIED","0.346",""
"SURVEY","2010","MARKETING YEAR","","STATE","VERMONT","50","","","","","","","00000000","","MAPLE SYRUP","MAPLE SYRUP - PRICE RECEIVED, MEASURED IN $ / GALLON","TOTAL","NOT SPECIFIED","34",""
"SURVEY","2010","YEAR","","STATE","VERMONT","50","","","","","","","00000000","","MAPLE SYRUP","MAPLE SYRUP - NUMBER OF TAPS","TOTAL","NOT SPECIFIED","3,250,000",""
"SURVEY","2010","YEAR","","STATE","VERMONT","50","","","","","","","00000000","","MAPLE SYRUP","MAPLE SYRUP - PRODUCTION, MEASURED IN $","TOTAL","NOT SPECIFIED","31,280,000",""
"SURVEY","2010","YEAR","","STATE","VERMONT","50","","","","","","","00000000","","MAPLE SYRUP","MAPLE SYRUP - PRODUCTION, MEASURED IN GALLONS","TOTAL","NOT SPECIFIED","920,000",""
"SURVEY","2010","YEAR","","STATE","VERMONT","50","","","","","","","00000000","","MAPLE SYRUP","MAPLE SYRUP - YIELD, MEASURED IN GALLONS / TAP","TOTAL","NOT SPECIFIED","0.283",""
"SURVEY","2009","MARKETING YEAR","","STATE","VERMONT","50","","","","","","","00000000","","MAPLE SYRUP","MAPLE SYRUP - PRICE RECEIVED, MEASURED IN $ / GALLON","TOTAL","NOT SPECIFIED","35.1",""
"SURVEY","2009","YEAR","","STATE","VERMONT","50","","","","","","","00000000","","MAPLE SYRUP","MAPLE SYRUP - NUMBER OF TAPS","TOTAL","NOT SPECIFIED","3,030,000",""
"SURVEY","2009","YEAR","","STATE","VERMONT","50","","","","","","","00000000","","MAPLE SYRUP","MAPLE SYRUP - PRODUCTION, MEASURED IN $","TOTAL","NOT SPECIFIED","32,292,000",""
"SURVEY","2009","YEAR","","STATE","VERMONT","50","","","","","","","00000000","","MAPLE SYRUP","MAPLE SYRUP - PRODUCTION, MEASURED IN GALLONS","TOTAL","NOT SPECIFIED","920,000",""
"SURVEY","2009","YEAR","","STATE","VERMONT","50","","","","","","","00000000","","MAPLE SYRUP","MAPLE SYRUP - YIELD, MEASURED IN GALLONS / TAP","TOTAL","NOT SPECIFIED","0.304",""
"SURVEY","2008","MARKETING YEAR","","STATE","VERMONT","50","","","","","","","00000000","","MAPLE SYRUP","MAPLE SYRUP - PRICE RECEIVED, MEASURED IN $ / GALLON","TOTAL","NOT SPECIFIED","39.5",""
"SURVEY","2008","YEAR","","STATE","VERMONT","50","","","","","","","00000000","","MAPLE SYRUP","MAPLE SYRUP - NUMBER OF TAPS","TOTAL","NOT SPECIFIED","2,870,000",""
"SURVEY","2008","YEAR","","STATE","VERMONT","50","","","","","","","00000000","","MAPLE SYRUP","MAPLE SYRUP - PRODUCTION, MEASURED IN $","TOTAL","NOT SPECIFIED","28,045,000",""
"SURVEY","2008","YEAR","","STATE","VERMONT","50","","","","","","","00000000","","MAPLE SYRUP","MAPLE SYRUP - PRODUCTION, MEASURED IN GALLONS","TOTAL","NOT SPECIFIED","710,000",""
"SURVEY","2008","YEAR","","STATE","VERMONT","50","","","","","","","00000000","","MAPLE SYRUP","MAPLE SYRUP - YIELD, MEASURED IN GALLONS / TAP","TOTAL","NOT SPECIFIED","0.247",""
"SURVEY","2007","MARKETING YEAR","","STATE","VERMONT","50","","","","","","","00000000","","MAPLE SYRUP","MAPLE SYRUP - PRICE RECEIVED, MEASURED IN $ / GALLON","TOTAL","NOT SPECIFIED","29.1",""
"SURVEY","2007","YEAR","","STATE","VERMONT","50","","","","","","","00000000","","MAPLE SYRUP","MAPLE SYRUP - NUMBER OF TAPS","TOTAL","NOT SPECIFIED","2,770,000",""
"SURVEY","2007","YEAR","","STATE","VERMONT","50","","","","","","","00000000","","MAPLE SYRUP","MAPLE SYRUP - PRODUCTION, MEASURED IN $","TOTAL","NOT SPECIFIED","18,624,000",""
"SURVEY","2007","YEAR","","STATE","VERMONT","50","","","","","","","00000000","","MAPLE SYRUP","MAPLE SYRUP - PRODUCTION, MEASURED IN GALLONS","TOTAL","NOT SPECIFIED","640,000",""
"SURVEY","2007","YEAR","","STATE","VERMONT","50","","","","","","","00000000","","MAPLE SYRUP","MAPLE SYRUP - YIELD, MEASURED IN GALLONS / TAP","TOTAL","NOT SPECIFIED","0.231",""
"SURVEY","2006","MARKETING YEAR","","STATE","VERMONT","50","","","","","","","00000000","","MAPLE SYRUP","MAPLE SYRUP - PRICE RECEIVED, MEASURED IN $ / GALLON","TOTAL","NOT SPECIFIED","30.2",""
"SURVEY","2006","YEAR","","STATE","VERMONT","50","","","","","","","00000000","","MAPLE SYRUP","MAPLE SYRUP - PRODUCTION, MEASURED IN $","TOTAL","NOT SPECIFIED","19,630,000",""
"SURVEY","2006","YEAR","","STATE","VERMONT","50","","","","","","","00000000","","MAPLE SYRUP","MAPLE SYRUP - PRODUCTION, MEASURED IN GALLONS","TOTAL","NOT SPECIFIED","650,000",""
"SURVEY","2006","YEAR","","STATE","VERMONT","50","","","","","","","00000000","","MAPLE SYRUP","MAPLE SYRUP - YIELD, MEASURED IN GALLONS / TAP","TOTAL","NOT SPECIFIED","0.235",""
"SURVEY","2005","MARKETING YEAR","","STATE","VERMONT","50","","","","","","","00000000","","MAPLE SYRUP","MAPLE SYRUP - PRICE RECEIVED, MEASURED IN $ / GALLON","TOTAL","NOT SPECIFIED","27.8",""
"SURVEY","2005","YEAR","","STATE","VERMONT","50","","","","","","","00000000","","MAPLE SYRUP","MAPLE SYRUP - PRODUCTION, MEASURED IN $","TOTAL","NOT SPECIFIED","14,178,000",""
"SURVEY","2005","YEAR","","STATE","VERMONT","50","","","","","","","00000000","","MAPLE SYRUP","MAPLE SYRUP - PRODUCTION, MEASURED IN GALLONS","TOTAL","NOT SPECIFIED","510,000",""
"SURVEY","2005","YEAR","","STATE","VERMONT","50","","","","","","","00000000","","MAPLE SYRUP","MAPLE SYRUP - YIELD, MEASURED IN GALLONS / TAP","TOTAL","NOT SPECIFIED","0.201",""
"SURVEY","2004","MARKETING YEAR","","STATE","VERMONT","50","","","","","","","00000000","","MAPLE SYRUP","MAPLE SYRUP - PRICE RECEIVED, MEASURED IN $ / GALLON","TOTAL","NOT SPECIFIED","27.3",""
"SURVEY","2004","YEAR","","STATE","VERMONT","50","","","","","","","00000000","","MAPLE SYRUP","MAPLE SYRUP - PRODUCTION, MEASURED IN $","TOTAL","NOT SPECIFIED","15,015,000",""
"SURVEY","2004","YEAR","","STATE","VERMONT","50","","","","","","","00000000","","MAPLE SYRUP","MAPLE SYRUP - PRODUCTION, MEASURED IN GALLONS","TOTAL","NOT SPECIFIED","550,000",""
"SURVEY","2004","YEAR","","STATE","VERMONT","50","","","","","","","00000000","","MAPLE SYRUP","MAPLE SYRUP - YIELD, MEASURED IN GALLONS / TAP","TOTAL","NOT SPECIFIED","0.239",""
"SURVEY","2003","MARKETING YEAR","","STATE","VERMONT","50","","","","","","","00000000","","MAPLE SYRUP","MAPLE SYRUP - PRICE RECEIVED, MEASURED IN $ / GALLON","TOTAL","NOT SPECIFIED","27.8",""
"SURVEY","2003","YEAR","","STATE","VERMONT","50","","","","","","","00000000","","MAPLE SYRUP","MAPLE SYRUP - PRODUCTION, MEASURED IN $","TOTAL","NOT SPECIFIED","12,788,000",""
"SURVEY","2003","YEAR","","STATE","VERMONT","50","","","","","","","00000000","","MAPLE SYRUP","MAPLE SYRUP - PRODUCTION, MEASURED IN GALLONS","TOTAL","NOT SPECIFIED","460,000",""
"SURVEY","2003","YEAR","","STATE","VERMONT","50","","","","","","","00000000","","MAPLE SYRUP","MAPLE SYRUP - YIELD, MEASURED IN GALLONS / TAP","TOTAL","NOT SPECIFIED","0.217",""
"SURVEY","2002","MARKETING YEAR","","STATE","VERMONT","50","","","","","","","00000000","","MAPLE SYRUP","MAPLE SYRUP - PRICE RECEIVED, MEASURED IN $ / GALLON","TOTAL","NOT SPECIFIED","27",""
"SURVEY","2002","YEAR","","STATE","VERMONT","50","","","","","","","00000000","","MAPLE SYRUP","MAPLE SYRUP - PRODUCTION, MEASURED IN $","TOTAL","NOT SPECIFIED","13,770,000",""
"SURVEY","2002","YEAR","","STATE","VERMONT","50","","","","","","","00000000","","MAPLE SYRUP","MAPLE SYRUP - PRODUCTION, MEASURED IN GALLONS","TOTAL","NOT SPECIFIED","510,000",""
"SURVEY","2002","YEAR","","STATE","VERMONT","50","","","","","","","00000000","","MAPLE SYRUP","MAPLE SYRUP - YIELD, MEASURED IN GALLONS / TAP","TOTAL","NOT SPECIFIED","0.234",""
"SURVEY","2001","MARKETING YEAR","","STATE","VERMONT","50","","","","","","","00000000","","MAPLE SYRUP","MAPLE SYRUP - PRICE RECEIVED, MEASURED IN $ / GALLON","TOTAL","NOT SPECIFIED","30.8",""
"SURVEY","2001","YEAR","","STATE","VERMONT","50","","","","","","","00000000","","MAPLE SYRUP","MAPLE SYRUP - PRODUCTION, MEASURED IN $","TOTAL","NOT SPECIFIED","8,932,000",""
"SURVEY","2001","YEAR","","STATE","VERMONT","50","","","","","","","00000000","","MAPLE SYRUP","MAPLE SYRUP - PRODUCTION, MEASURED IN GALLONS","TOTAL","NOT SPECIFIED","290,000",""
"SURVEY","2001","YEAR","","STATE","VERMONT","50","","","","","","","00000000","","MAPLE SYRUP","MAPLE SYRUP - YIELD, MEASURED IN GALLONS / TAP","TOTAL","NOT SPECIFIED","0.138",""
"SURVEY","2000","MARKETING YEAR","","STATE","VERMONT","50","","","","","","","00000000","","MAPLE SYRUP","MAPLE SYRUP - PRICE RECEIVED, MEASURED IN $ / GALLON","TOTAL","NOT SPECIFIED","30",""
"SURVEY","2000","YEAR","","STATE","VERMONT","50","","","","","","","00000000","","MAPLE SYRUP","MAPLE SYRUP - PRODUCTION, MEASURED IN $","TOTAL","NOT SPECIFIED","14,400,000",""
"SURVEY","2000","YEAR","","STATE","VERMONT","50","","","","","","","00000000","","MAPLE SYRUP","MAPLE SYRUP - PRODUCTION, MEASURED IN GALLONS","TOTAL","NOT SPECIFIED","480,000",""
"SURVEY","1999","MARKETING YEAR","","STATE","VERMONT","50","","","","","","","00000000","","MAPLE SYRUP","MAPLE SYRUP - PRICE RECEIVED, MEASURED IN $ / GALLON","TOTAL","NOT SPECIFIED","29",""
"SURVEY","1999","YEAR","","STATE","VERMONT","50","","","","","","","00000000","","MAPLE SYRUP","MAPLE SYRUP - PRODUCTION, MEASURED IN $","TOTAL","NOT SPECIFIED","10,730,000",""
"SURVEY","1999","YEAR","","STATE","VERMONT","50","","","","","","","00000000","","MAPLE SYRUP","MAPLE SYRUP - PRODUCTION, MEASURED IN GALLONS","TOTAL","NOT SPECIFIED","370,000",""
"SURVEY","1998","MARKETING YEAR","","STATE","VERMONT","50","","","","","","","00000000","","MAPLE SYRUP","MAPLE SYRUP - PRICE RECEIVED, MEASURED IN $ / GALLON","TOTAL","NOT SPECIFIED","29",""
"SURVEY","1998","YEAR","","STATE","VERMONT","50","","","","","","","00000000","","MAPLE SYRUP","MAPLE SYRUP - PRODUCTION, MEASURED IN $","TOTAL","NOT SPECIFIED","10,875,000",""
"SURVEY","1998","YEAR","","STATE","VERMONT","50","","","","","","","00000000","","MAPLE SYRUP","MAPLE SYRUP - PRODUCTION, MEASURED IN GALLONS","TOTAL","NOT SPECIFIED","375,000",""
"SURVEY","1997","MARKETING YEAR","","STATE","VERMONT","50","","","","","","","00000000","","MAPLE SYRUP","MAPLE SYRUP - PRICE RECEIVED, MEASURED IN $ / GALLON","TOTAL","NOT SPECIFIED","27.6",""
"SURVEY","1997","YEAR","","STATE","VERMONT","50","","","","","","","00000000","","MAPLE SYRUP","MAPLE SYRUP - PRODUCTION, MEASURED IN $","TOTAL","NOT SPECIFIED","10,902,000",""
"SURVEY","1997","YEAR","","STATE","VERMONT","50","","","","","","","00000000","","MAPLE SYRUP","MAPLE SYRUP - PRODUCTION, MEASURED IN GALLONS","TOTAL","NOT SPECIFIED","395,000",""
"SURVEY","1996","MARKETING YEAR","","STATE","VERMONT","50","","","","","","","00000000","","MAPLE SYRUP","MAPLE SYRUP - PRICE RECEIVED, MEASURED IN $ / GALLON","TOTAL","NOT SPECIFIED","26.5",""
"SURVEY","1996","YEAR","","STATE","VERMONT","50","","","","","","","00000000","","MAPLE SYRUP","MAPLE SYRUP - PRODUCTION, MEASURED IN $","TOTAL","NOT SPECIFIED","14,575,000",""
"SURVEY","1996","YEAR","","STATE","VERMONT","50","","","","","","","00000000","","MAPLE SYRUP","MAPLE SYRUP - PRODUCTION, MEASURED IN GALLONS","TOTAL","NOT SPECIFIED","550,000",""
"SURVEY","1995","MARKETING YEAR","","STATE","VERMONT","50","","","","","","","00000000","","MAPLE SYRUP","MAPLE SYRUP - PRICE RECEIVED, MEASURED IN $ / GALLON","TOTAL","NOT SPECIFIED","27.8",""
"SURVEY","1995","YEAR","","STATE","VERMONT","50","","","","","","","00000000","","MAPLE SYRUP","MAPLE SYRUP - PRODUCTION, MEASURED IN $","TOTAL","NOT SPECIFIED","10,147,000",""
"SURVEY","1995","YEAR","","STATE","VERMONT","50","","","","","","","00000000","","MAPLE SYRUP","MAPLE SYRUP - PRODUCTION, MEASURED IN GALLONS","TOTAL","NOT SPECIFIED","365,000",""
"SURVEY","1994","MARKETING YEAR","","STATE","VERMONT","50","","","","","","","00000000","","MAPLE SYRUP","MAPLE SYRUP - PRICE RECEIVED, MEASURED IN $ / GALLON","TOTAL","NOT SPECIFIED","23.9",""
"SURVEY","1994","YEAR","","STATE","VERMONT","50","","","","","","","00000000","","MAPLE SYRUP","MAPLE SYRUP - PRODUCTION, MEASURED IN $","TOTAL","NOT SPECIFIED","10,397,000",""
"SURVEY","1994","YEAR","","STATE","VERMONT","50","","","","","","","00000000","","MAPLE SYRUP","MAPLE SYRUP - PRODUCTION, MEASURED IN GALLONS","TOTAL","NOT SPECIFIED","435,000",""
"SURVEY","1993","MARKETING YEAR","","STATE","VERMONT","50","","","","","","","00000000","","MAPLE SYRUP","MAPLE SYRUP - PRICE RECEIVED, MEASURED IN $ / GALLON","TOTAL","NOT SPECIFIED","24",""
"SURVEY","1993","YEAR","","STATE","VERMONT","50","","","","","","","00000000","","MAPLE SYRUP","MAPLE SYRUP - PRODUCTION, MEASURED IN $","TOTAL","NOT SPECIFIED","7,440,000",""
"SURVEY","1993","YEAR","","STATE","VERMONT","50","","","","","","","00000000","","MAPLE SYRUP","MAPLE SYRUP - PRODUCTION, MEASURED IN GALLONS","TOTAL","NOT SPECIFIED","310,000",""
"SURVEY","1992","MARKETING YEAR","","STATE","VERMONT","50","","","","","","","00000000","","MAPLE SYRUP","MAPLE SYRUP - PRICE RECEIVED, MEASURED IN $ / GALLON","TOTAL","NOT SPECIFIED","22.3",""
"SURVEY","1992","YEAR","","STATE","VERMONT","50","","","","","","","00000000","","MAPLE SYRUP","MAPLE SYRUP - PRODUCTION, MEASURED IN $","TOTAL","NOT SPECIFIED","12,711,000",""
"SURVEY","1992","YEAR","","STATE","VERMONT","50","","","","","","","00000000","","MAPLE SYRUP","MAPLE SYRUP - PRODUCTION, MEASURED IN GALLONS","TOTAL","NOT SPECIFIED","570,000",""
