"STATION","NAME","LATITUDE","LONGITUDE","ELEVATION","DATE","AWND","AWND_ATTRIBUTES","CDSD","CDSD_ATTRIBUTES","CLDD","CLDD_ATTRIBUTES","DP01","DP01_ATTRIBUTES","DP10","DP10_ATTRIBUTES","DSND","DSND_ATTRIBUTES","DSNW","DSNW_ATTRIBUTES","DT00","DT00_ATTRIBUTES","DT32","DT32_ATTRIBUTES","DX32","DX32_ATTRIBUTES","DX70","DX70_ATTRIBUTES","DX90","DX90_ATTRIBUTES","EMNT","EMNT_ATTRIBUTES","EMSD","EMSD_ATTRIBUTES","EMSN","EMSN_ATTRIBUTES","EMXP","EMXP_ATTRIBUTES","EMXT","EMXT_ATTRIBUTES","FZF0","FZF0_ATTRIBUTES","FZF1","FZF1_ATTRIBUTES","FZF2","FZF2_ATTRIBUTES","FZF3","FZF3_ATTRIBUTES","FZF4","FZF4_ATTRIBUTES","FZF5","FZF5_ATTRIBUTES","FZF6","FZF6_ATTRIBUTES","FZF7","FZF7_ATTRIBUTES","FZF8","FZF8_ATTRIBUTES","FZF9","FZF9_ATTRIBUTES","HDSD","HDSD_ATTRIBUTES","HTDD","HTDD_ATTRIBUTES","PRCP","PRCP_ATTRIBUTES","SNOW","SNOW_ATTRIBUTES","TAVG","TAVG_ATTRIBUTES","TMAX","TMAX_ATTRIBUTES","TMIN","TMIN_ATTRIBUTES","WDF2","WDF2_ATTRIBUTES","WDF5","WDF5_ATTRIBUTES","WSF2","WSF2_ATTRIBUTES","WSF5","WSF5_ATTRIBUTES"
"US1VTOL0012","GREENSBORO 3.9 NNE, VT US","44.631","-72.28","620.6","2016",,,,,,,,,,,,,,,,,,,,,,,,,,,,,,,,,,,,,,,,,,,,,,,,,,,,,,,,,,,"48.82",",N",,,,,,,,,,,,,,,,
"US1VTOL0012","GREENSBORO 3.9 NNE, VT US","44.631","-72.28","620.6","2018",,,,,,,,,,,,,,,,,,,,,,,,,,,,,,,,,,,,,,,,,,,,,,,,,,,,,,,,,,,"48.76",",N",,,,,,,,,,,,,,,,
"US1VTOL0012","GREENSBORO 3.9 NNE, VT US","44.631","-72.28","620.6","2019",,,,,,,"179","N","107","N",,,,,,,,,,,,,,,,,,,,,"2.90",",N,1002,",,,,,,,,,,,,,,,,,,,,,,,,,,,"56.05",",N",,,,,,,,,,,,,,,,
"USC00437612","SOUTH LINCOLN, VT US","44.0725","-72.9736","408.7","2015",,,"161",,"161","7",,,,,,,,,"49","7","182","7","78","7","109","7","0","7","-27","7,0217,",,,,,,,"86","7,0730,","32","7,0921","21","7,1018","21","7,1018","16","7,1019","16","7,1019","31","7,0524","24","7,0523","24","7,0523","19","7,0406","11","7,0402","9360",,"9360","7",,,,,"40.9","7","52.2","7","29.5","7",,,,,,,,
"USC00437612","SOUTH LINCOLN, VT US","44.0725","-72.9736","408.7","2016",,,"206",,"206","7",,,,,,,,,"19","7","186","7","60","7","111","7","0","7","-27","7,0215,+",,,,,,,"87","7,0723,","31","7,0925","28","7,1011","24","7,1023","19","7,1102","11","7,1205","32","7,0518","27","7,0510","19","7,0428","19","7,0428","13","7,0407","7900",,"7900","7",,,,,"43.1","7","53.8","7","32.4","7",,,,,,,,
"USC00437612","SOUTH LINCOLN, VT US","44.0725","-72.9736","408.7","2017",,,"169",,"169","7",,,,,"89",,"24","7","28","7","170","7","74","7","104","7","0","7","-22","7,1229,","23",",7,0316,+","23.0",",7,0315,",,,"88","7,0613,+","31","7,0825","27","7,1107","23","7,1108","20","7,1109","11","7,1111","32","7,0509","22","7,0506","22","7,0506","9","7,0327","9","7,0327","8034",,"8034","7","51.11",",7","101.2",",7","42.7","7","53.2","7","32.2","7",,,,,,,,
"USC00437612","SOUTH LINCOLN, VT US","44.0725","-72.9736","408.7","2018",,,"271",,"271","7",,,,,,,,,"29","7","189","7","87","7","108","7","1","7","-24","7,0108,+",,,,,,,"91","7,0702,","31","7,0923","28","7,1014","23","7,1019","16","7,1112","16","7,1112","23","7,0516","23","7,0516","23","7,0516","20","7,0415","15","7,0411","8644",,"8644","7",,,,,"41.2","7","51.3","7","31.0","7",,,,,,,,
"USC00437612","SOUTH LINCOLN, VT US","44.0725","-72.9736","408.7","2019",,,,,,,,,,,,,,,,,,,,,,,,,,,,,,,,,,,,,,,,,,,,,,,,,,,,,,,"9156",,"9156","7",,,,,,,,,,,,,,,,,,
"US1VTWR0013","PROCTORSVILLE 0.3 NNE, VT US","43.386181","-72.635913","299.6","2017",,,,,,,,,,,,,,,,,,,,,,,,,,,,,,,,,,,,,,,,,,,,,,,,,,,,,,,,,,,"51.81",",",,,,,,,,,,,,,,,,
"USC00434261","JEFFERSONVILLE, VT US","44.5843","-72.787","354.5","2016",,,,,,,"177","7","112","7","110",,"31","7",,,,,,,,,,,,,"8",",7,1122,+","6.0",",7,1122,","2.13",",7,0606,",,,,,,,,,,,,,,,,,,,,,,,,,,,"51.34",",7","86.8",",7",,,,,,,,,,,,,,
"USC00434261","JEFFERSONVILLE, VT US","44.5843","-72.787","354.5","2017",,,,,,,"189","7","122","7","134",,"39","7",,,,,,,,,,,,,"26",",7,0316,","19.4",",7,0315,","2.02",",7,0630,",,,,,,,,,,,,,,,,,,,,,,,,,,,"58.97",",7","147.4",",7",,,,,,,,,,,,,,
"USC00434261","JEFFERSONVILLE, VT US","44.5843","-72.787","354.5","2018",,,,,,,"197","7","122","7","161",,"45","7",,,,,,,,,,,,,"29",",7,0316,","13.8",",7,0314,","2.20",",7,0619,",,,,,,,,,,,,,,,,,,,,,,,,,,,"55.39",",7","151.5",",7",,,,,,,,,,,,,,
"USC00434261","JEFFERSONVILLE, VT US","44.5843","-72.787","354.5","2019",,,,,,,"193","H","125","H","152",,"53","H",,,,,,,,,,,,,"27",",H,0323,","18.0",",H,0323,","3.64",",H,1101,",,,,,,,,,,,,,,,,,,,,,,,,,,,"60.31",",H","181.7",",H",,,,,,,,,,,,,,
"USC00435273","MONTPELIER 2, VT US","44.2553","-72.6006","161.5","2015",,,"436",,"436","7",,,,,"93",,,,"41","7","154","7","63","7","131","7","3","7","-22","7,0224,","21",",7,0222,",,,,,"93","7,0730,","32","7,1005","25","7,1018","21","7,1019","19","7,1118",,,"28","7,0424","28","7,0424","23","7,0415","19","7,0403","16","7,0402","8094",,"8094","7",,,,,"44.4","7","56.1","7","32.7","7",,,,,,,,
"USC00435273","MONTPELIER 2, VT US","44.2553","-72.6006","161.5","2016",,,,,,,,,,,,,,,,,,,,,,,,,,,,,,,,,,,,,,,,,,,,,,,,,,,,,,,"6825",,"6825","7",,,,,,,,,,,,,,,,,,
"USC00435273","MONTPELIER 2, VT US","44.2553","-72.6006","161.5","2017",,,,,,,,,,,,,,,"14","7","135","7",,,,,,,"-16","7,1229,",,,,,,,,,"31","7,1017","25","7,1108","21","7,1109","17","7,1111","11","7,1128","32","7,0504","27","7,0414","15","7,0327","15","7,0327","15","7,0327",,,,,,,,,,,,,"36.1","7",,,,,,,,
"USC00435273","MONTPELIER 2, VT US","44.2553","-72.6006","161.5","2018",,,"565",,"565","7","163","7","95","7",,,,,"19","7","159","7","55","7","127","7","12","7","-23","7,0102,",,,,,"1.85",",7,0113,","94","7,0706,+","32","7,1015","28","7,1027","20","7,1112","20","7,1112","9","7,1115","30","7,0424","26","7,0423","22","7,0411","18","7,0406","10","7,0322","7473",,"7473","7","41.32",",7",,,"45.2","7","55.0","7","35.4","7",,,,,,,,
"USC00435273","MONTPELIER 2, VT US","44.2553","-72.6006","161.5","2019",,,"384",,"384","H","168","H","104","H",,,"24","H","24","H","159","H","57","H","114","H","5","H","-12","H,0202,",,,"9.5",",H,0120,","2.50",",H,0621,","95","H,0721,","31","7,1005","26","7,1108","19","7,1109","19","7,1109","11","7,1113","32","7,0509","24","7,0412","24","7,0412","19","7,0405","14","7,0328","7968",,"7968","H","48.66",",H","90.5",",H","44.2","H","54.6","H","33.8","H",,,,,,,,
"US1VTFR0019","SWANTON 0.5 NNE, VT US","44.925904","-73.121455","42.7","2018",,,,,,,"165","N","90","N",,,,,,,,,,,,,,,,,,,,,"1.81",",N,0927,",,,,,,,,,,,,,,,,,,,,,,,,,,,"37.96",",N",,,,,,,,,,,,,,,,
"US1VTFR0019","SWANTON 0.5 NNE, VT US","44.925904","-73.121455","42.7","2019",,,,,,,,,,,,,,,,,,,,,,,,,,,,,,,,,,,,,,,,,,,,,,,,,,,,,,,,,,,"45.07",",N",,,,,,,,,,,,,,,,
"US1VTWS0019","WATERBURY 3.0 NW, VT US","44.3606","-72.8077","139.6","2016",,,,,,,"173","N","97","N",,,,,,,,,,,,,,,,,,,,,"2.08",",N,0606,",,,,,,,,,,,,,,,,,,,,,,,,,,,"44.41",",N",,,,,,,,,,,,,,,,
"US1VTWS0019","WATERBURY 3.0 NW, VT US","44.3606","-72.8077","139.6","2017",,,,,,,"195","N","122","N",,,,,,,,,,,,,,,,,,,,,"2.55",",N,0630,",,,,,,,,,,,,,,,,,,,,,,,,,,,"55.16",",N",,,,,,,,,,,,,,,,
"US1VTWS0019","WATERBURY 3.0 NW, VT US","44.3606","-72.8077","139.6","2018",,,,,,,"184","N","114","N",,,,,,,,,,,,,,,,,,,,,"2.54",",N,0619,",,,,,,,,,,,,,,,,,,,,,,,,,,,"51.77",",N",,,,,,,,,,,,,,,,
"US1VTWS0019","WATERBURY 3.0 NW, VT US","44.3606","-72.8077","139.6","2019",,,,,,,"191","N","123","N",,,,,,,,,,,,,,,,,,,,,"2.90",",N,1101,",,,,,,,,,,,,,,,,,,,,,,,,,,,"61.52",",N",,,,,,,,,,,,,,,,
"US1VTWR0016","HARTLAND 1.6 NW, VT US","43.554723","-72.423716","197.8","2017",,,,,,,"182","N","82","N",,,,,,,,,,,,,,,,,,,,,"1.95",",N,0702,",,,,,,,,,,,,,,,,,,,,,,,,,,,"43.54",",N",,,,,,,,,,,,,,,,
"US1VTWR0016","HARTLAND 1.6 NW, VT US","43.554723","-72.423716","197.8","2018",,,,,,,"181","N","104","N",,,,,,,,,,,,,,,,,,,,,"1.37",",N,0113,",,,,,,,,,,,,,,,,,,,,,,,,,,,"47.02",",N",,,,,,,,,,,,,,,,
"US1VTWR0016","HARTLAND 1.6 NW, VT US","43.554723","-72.423716","197.8","2019",,,,,,,"160","N","97","N",,,,,,,,,,,,,,,,,,,,,"2.17",",N,1017,",,,,,,,,,,,,,,,,,,,,,,,,,,,"47.30",",N",,,,,,,,,,,,,,,,
"US1VTCL0014","LYNDONVILLE 1.1 W, VT US","44.53582","-72.02867","309.1","2016",,,,,,,,,,,,,,,,,,,,,,,,,,,,,,,,,,,,,,,,,,,,,,,,,,,,,,,,,,,"45.13",",",,,,,,,,,,,,,,,,
"USR0000VSWE","SWEEZY VERMONT, VT US","43.3333","-73.0333","203.6","2015",,,"453",,"453","U",,,,,,,,,"35","U","150","U","53","U","145","U","12","U","-21","U,0224,+",,,,,,,"93","U,0818,+","30","U,1005","27","U,1017","22","U,1018","20","U,1019","16","U,1123","28","U,0523","28","U,0523","24","U,0416","18","U,0402","16","U,0401","7409",,"7409","U",,,,,"46.2","U","59.4","U","33.0","U",,,,,,,,
"USR0000VSWE","SWEEZY VERMONT, VT US","43.3333","-73.0333","203.6","2016",,,"475",,"475","U",,,,,,,,,"8","U","158","U","29","U","142","U","8","U","-17","U,0214,",,,,,,,"92","U,0812,+","31","U,0925","27","U,1011","22","U,1027","19","U,1204","8","U,1210","32","U,0518","23","U,0428","23","U,0428","14","U,0406","14","U,0406","6108",,"6108","U",,,,,"48.0","U","60.2","U","35.9","U",,,,,,,,
"USR0000VSWE","SWEEZY VERMONT, VT US","43.3333","-73.0333","203.6","2017",,,"375",,"375","U",,,,,,,,,"18","U","147","U","39","U","145","U","7","U","-15","U,1230,+",,,,,,,"93","U,0925,","32","U,0902","26","U,1017","22","U,1108","20","U,1109","12","U,1111","29","U,0504","27","U,0415","24","U,0403","17","U,0326","3","U,0323","6629",,"6629","U",,,,,"47.4","U","59.3","U","35.6","U",,,,,,,,
"USR0000VSWE","SWEEZY VERMONT, VT US","43.3333","-73.0333","203.6","2018",,,"564",,"564","U",,,,,,,,,"13","U","171","U","36","U","138","U","17","U","-23","U,0107,",,,,,,,"99","U,0701,","31","U,1014","26","U,1018","23","U,1031","14","U,1114","14","U,1114","31","U,0513","25","U,0423","23","U,0422","20","U,0409","15","U,0326","6670",,"6670","U",,,,,"47.0","U","58.4","U","35.7","U",,,,,,,,
"USR0000VSWE","SWEEZY VERMONT, VT US","43.3333","-73.0333","203.6","2019",,,,,,,,,,,,,,,,,,,,,,,,,,,,,,,,,,,,,,,,,,,,,,,,,,,,,,,"7236",,"7236","U",,,,,,,,,,,,,,,,,,
"US1VTWR0017","ROCHESTER 2.3 NE, VT US","43.894184","-72.769929","617.5","2017",,,,,,,"186","N","103","N",,,,,,,,,,,,,,,,,,,,,"2.45",",N,1030,",,,,,,,,,,,,,,,,,,,,,,,,,,,"53.63",",N",,,,,,,,,,,,,,,,
"USC00432314","EAST HAVEN, VT US","44.6425","-71.8908","304.8","2017",,,"163",,"163","7","179","7","107","7","131",,"36","7","49","7","190","7","74","7","111","7","3","7","-28","7,1229,+","38",",7,0218,+","13.5",",7,0315,","2.04",",7,1025,","91","7,0613,","32","7,0902","27","7,1001","19","7,1017","19","7,1017","15","7,1109","30","7,0522","26","7,0505","22","7,0416","20","7,0410","1","7,0327",,,,,"46.83",",7","118.4",",7","40.6","7","52.8","7","28.3","7",,,,,,,,
"USC00432314","EAST HAVEN, VT US","44.6425","-71.8908","304.8","2018",,,"275",,"275","7","174","7","103","7","163",,"40","7","46","7","205","7","77","7","112","7","5","7","-31","7,0108,+","26",",7,0319,+","8.0",",7,0208,","1.80",",7,0113,","93","7,0706,","30","7,0909","27","7,1015","23","7,1019","11","7,1112","11","7,1112","32","7,0520","26","7,0512","21","7,0424","20","7,0416","16","7,0412","9262",,"9262","7","47.42",",7","114.6",",7","40.0","7","52.0","7","27.9","7",,,,,,,,
"USC00432314","EAST HAVEN, VT US","44.6425","-71.8908","304.8","2019",,,,,,,,,,,"160",,"43","H",,,,,,,,,,,,,"40",",H,0323,","16.0",",H,0323,",,,,,,,,,,,,,,,,,,,,,,,,,"9847",,"9847",,,,"123.1",",H",,,,,,,,,,,,,,
"US1VTWS0012","CABOT 3.9 ENE, VT US","44.41714","-72.23497","530.4","2015",,,,,,,,,,,,,,,,,,,,,,,,,,,,,,,,,,,,,,,,,,,,,,,,,,,,,,,,,,,"50.06",",N",,,,,,,,,,,,,,,,
"US1VTWS0012","CABOT 3.9 ENE, VT US","44.41714","-72.23497","530.4","2016",,,,,,,,,,,,,,,,,,,,,,,,,,,,,,,,,,,,,,,,,,,,,,,,,,,,,,,,,,,"56.73",",N",,,,,,,,,,,,,,,,
"US1VTWS0012","CABOT 3.9 ENE, VT US","44.41714","-72.23497","530.4","2017",,,,,,,"214","N","121","N",,,,,,,,,,,,,,,,,,,,,"2.84",",N,1025,",,,,,,,,,,,,,,,,,,,,,,,,,,,"58.51",",N",,,,,,,,,,,,,,,,
"US1VTWS0012","CABOT 3.9 ENE, VT US","44.41714","-72.23497","530.4","2019",,,,,,,"187","N","122","N",,,,,,,,,,,,,,,,,,,,,"2.94",",N,0520,",,,,,,,,,,,,,,,,,,,,,,,,,,,"61.73",",N",,,,,,,,,,,,,,,,
"US1VTWS0010","NORTHFIELD 1.5 N, VT US","44.169862","-72.652033","204.8","2015",,,,,,,,,,,,,,,,,,,,,,,,,,,,,,,,,,,,,,,,,,,,,,,,,,,,,,,,,,,"38.34",",N",,,,,,,,,,,,,,,,
"US1VTWS0010","NORTHFIELD 1.5 N, VT US","44.169862","-72.652033","204.8","2016",,,,,,,,,,,,,,,,,,,,,,,,,,,,,,,,,,,,,,,,,,,,,,,,,,,,,,,,,,,"39.67",",N",,,,,,,,,,,,,,,,
"USC00438597","VERGENNES, VT US","44.172","-73.2473","59.7","2015",,,"559",,"559","7","116","7","70","7","71",,"17","7","32","7","138","7","66","7","122","7","6","7","-19","7,0225,+","16",",7,0215,","5.1",",7,0203,","2.10",",7,0531,","94","7,0908,","32","7,1015","21","7,1019","21","7,1019","20","7,1020",,,"26","7,0417","26","7,0417","24","7,0409","18","7,0401","12","7,0330",,,,,"36.95",",7","44.5",",7","45.8","7","56.6","7","35.0","7",,,,,,,,
"USC00438597","VERGENNES, VT US","44.172","-73.2473","59.7","2018",,,"715",,"715","7","149","7","83","7","85",,"15","7","13","7","151","7","52","7","124","7","15","7","-24","7,0107,","12",",7,0108,+","7.5",",7,0314,","1.08",",7,0911,","97","7,0830,","32","7,1018","28","7,1026","23","7,1112","14","7,1115","14","7,1115","32","7,0512","26","7,0424","23","7,0415","20","7,0410","5","7,0321",,,,,"37.62",",7","54.9",",7","46.6","7","56.4","7","36.8","7",,,,,,,,
"USC00438597","VERGENNES, VT US","44.172","-73.2473","59.7","2019",,,,,,,,,,,"86",,"16","H",,,,,,,,,,,,,"16",",H,0123,+","10.3",",H,0120,",,,,,,,,,,,,,,,,,,,,,,,,,,,,,,,"55.4",",H",,,,,,,,,,,,,,
"USC00436893","ROCHESTER, VT US","43.8578","-72.8044","253.0","2016",,,,,,,"113","7","80","7",,,"19","7","16","7","166","7",,,,,,,"-17","7,0215,+",,,"6.0",",7,1218,","2.27",",7,0606,",,,"29","7,1011","27","7,1015","24","7,1129","17","7,1205","-1","7,1211","29","7,0511","24","7,0429","24","7,0429","12","7,0407","12","7,0407",,,,,"39.25",",7","47.5",",7",,,,,"33.8","7",,,,,,,,
"USC00436893","ROCHESTER, VT US","43.8578","-72.8044","253.0","2017",,,"248",,"248","7","127","7","98","7","92",,"16","7","16","7","159","7","53","7","123","7","6","7","-18","7,1230,","18",",7,1226,+","16.0",",7,0315,","1.87",",7,1030,","91","7,0519,","32","7,1014","28","7,1018","22","7,1108","20","7,1109","15","7,1111","30","7,0505","26","7,0416","23","7,0404","11","7,0327","11","7,0327",,,,,"50.68",",7","95.8",",7","44.8","7","55.7","7","33.9","7",,,,,,,,
"USC00436893","ROCHESTER, VT US","43.8578","-72.8044","253.0","2018",,,,,,,,,,,,,,,,,,,,,,,,,,,,,,,,,,,,,,,,,,,,,,,,,,,,,,,"7725",,"7725",,,,,,,,,,,,,,,,,,,
"US1VTES0003","LUNENBURG 2.3 NNW, VT US","44.493245","-71.704463","448.7","2015",,,,,,,"181","N","98","N",,,,,,,,,,,,,,,,,,,,,"2.27",",N,0930,",,,,,,,,,,,,,,,,,,,,,,,,,,,"44.86",",N",,,,,,,,,,,,,,,,
"US1VTES0003","LUNENBURG 2.3 NNW, VT US","44.493245","-71.704463","448.7","2017",,,,,,,"204","N","116","N","131",,"39","N",,,,,,,,,,,,,"29",",N,0216,","12.0",",N,0315,","1.50",",N,0702,",,,,,,,,,,,,,,,,,,,,,,,,,,,"47.97",",N","121.1",",N",,,,,,,,,,,,,,
"US1VTES0003","LUNENBURG 2.3 NNW, VT US","44.493245","-71.704463","448.7","2018",,,,,,,"193","N","105","N",,,,,,,,,,,,,,,,,,,,,"1.60",",N,0113,",,,,,,,,,,,,,,,,,,,,,,,,,,,"46.30",",N",,,,,,,,,,,,,,,,
"US1VTES0003","LUNENBURG 2.3 NNW, VT US","44.493245","-71.704463","448.7","2019",,,,,,,"200","N","115","N",,,,,,,,,,,,,,,,,,,,,"2.70",",N,0520,",,,,,,,,,,,,,,,,,,,,,,,,,,,"53.84",",N",,,,,,,,,,,,,,,,
"USC00435542","NEWPORT, VT US","44.949","-72.1912","240.8","2015",,,"247",,"247","7",,,,,"101",,,,"51","7","171","7","83","7","108","7","0","7","-25","7,0226,+","23",",7,0308,+",,,,,"89","7,0820,","30","7,0925","23","7,1018","23","7,1018","20","7,1019","15","7,1124","32","7,0523","26","7,0417","24","7,0416","17","7,0409","16","7,0408","9238",,"9238","7","41.92",",7",,,"40.9","7","51.6","7","30.1","7",,,,,,,,
"USC00435542","NEWPORT, VT US","44.949","-72.1912","240.8","2016",,,,,,,,,,,,,,,,,,,,,,,,,,,,,,,,,,,,,,,,,,,,,,,,,,,,,,,"7894",,"7894","7",,,,,,,,,,,,,,,,,,
"USC00435542","NEWPORT, VT US","44.949","-72.1912","240.8","2018",,,"457",,"457","7",,,,,"135",,"35","7","33","7","178","7","80","7","115","7","5","7","-25","7,0103,+","23",",7,0210,","12.8",",7,1128,",,,"93","7,0706,+","32","7,1005","28","7,1019","23","7,1111","16","7,1112","16","7,1112","31","7,0518","24","7,0423","24","7,0423","17","7,0411","11","7,0410","8454",,"8454","7","49.15",",7","139.8",",7","42.1","7","52.0","7","32.1","7",,,,,,,,
"USC00435542","NEWPORT, VT US","44.949","-72.1912","240.8","2019",,,"266",,"266","H",,,,,"149",,,,"39","H","179","H","95","H","95","H","3","H","-15","H,0115,+","29",",H,0323,+",,,,,"91","H,0731,+","32","7,1003","27","7,1005","21","7,1108","14","7,1109","14","7,1109","27","7,0509","27","7,0509","23","7,0412","15","7,0406","15","7,0406","9210",,"9210","H",,,,,"40.5","H","51.0","H","30.0","H",,,,,,,,
"USC00435982","N SPRINGFIELD LAKE, VT US","43.3392","-72.5056","170.7","2015",,,"456",,"456","7","129","7","70","7","104",,"18","7","42","7","171","7","63","7","135","7","8","7","-19","7,0225,+","22",",7,0222,+","9.0",",7,0203,","1.72",",7,1001,","95","7,0720,","30","7,1005","26","7,1018","21","7,1019","17","7,1118","15","7,1201","32","7,0514","25","7,0417","22","7,0409","19","7,0403","11","7,0402","8359",,"8359","7","35.69",",7","53.0",",7","44.5","7","57.1","7","31.9","7",,,,,,,,
"USC00435982","N SPRINGFIELD LAKE, VT US","43.3392","-72.5056","170.7","2016",,,"466",,"466","7","127","7","77","7",,,,,"12","7","171","7","31","7","131","7","9","7","-15","7,0215,+",,,,,"2.15",",7,0225,","93","7,0812,","32","7,0925","26","7,1015","23","7,1026","18","7,1210","2","7,1211","30","7,0511","27","7,0508","14","7,0407","14","7,0407","14","7,0407","6705",,"6705","7","35.48",",7",,,"47.1","7","58.6","7","35.5","7",,,,,,,,
"USC00435982","N SPRINGFIELD LAKE, VT US","43.3392","-72.5056","170.7","2017",,,"574",,"574","7","131","7","81","7",,,,,"12","7","149","7","45","7","145","7","17","7","-13","7,1231,+",,,,,"1.84",",7,1030,","97","7,0613,","30","7,1017","22","7,1109","22","7,1109","19","7,1111","16","7,1128","32","7,0505","25","7,0404","21","7,0327","13","7,0324","13","7,0324","6875",,"6875","7","44.19",",7",,,"47.7","7","58.6","7","36.8","7",,,,,,,,
"USC00435982","N SPRINGFIELD LAKE, VT US","43.3392","-72.5056","170.7","2018",,,"727",,"727","7","141","7","89","7","127",,,,"11","7","170","7","46","7","136","7","22","7","-20","7,0103,","23",",7,0308,",,,"1.76",",7,1222,","99","7,0705,","31","7,1017","27","7,1019","24","7,1022","14","7,1115","14","7,1115","27","7,0425","27","7,0425","23","7,0411","18","7,0406","7","7,0321","7058",,"7058","7","49.11",",7",,,"47.0","7","57.5","7","36.4","7",,,,,,,,
"USC00435982","N SPRINGFIELD LAKE, VT US","43.3392","-72.5056","170.7","2019",,,,,,,"149","H","87","H","102",,"19","H","19","H","166","H",,,,,,,"-10","H,0203,+","16",",H,0121,+","12.0",",H,0120,","2.37",",H,1017,",,,"29","7,1005","28","7,1006","24","7,1102","15","7,1109","15","7,1109","31","7,0430","28","7,0418","24","7,0405","19","7,0402","15","7,0328","7680",,"7680","7","43.76",",H","58.6",",H",,,,,"33.0","H",,,,,,,,
"USC00430193","AVERILL, VT US","45.0057","-71.6903","517.9","2015",,,"94",,"94","7","130","7","106","7","115",,"44","7","62","7","203","7","95","7","91","7","0","7","-28","7,0217,+","34",",7,0223,","8.1",",7,1220,","2.10",",7,0930,","85","7,0730,","30","7,0921","27","7,0926","19","7,1018","19","7,1018","15","7,1019","30","7,0607","27","7,0523","19","7,0416","19","7,0416","8","7,0408","10186",,"10186","7","44.33",",7","146.6",",7","37.8","7","48.8","7","26.8","7",,,,,,,,
"USC00430193","AVERILL, VT US","45.0057","-71.6903","517.9","2016",,,"192",,"192","7",,,,,"121",,"48","7","32","7","198","7","84","7","101","7","0","7","-26","7,0215,+","14",",7,1231,+","8.0",",7,1121,",,,"87","7,0714,","30","7,0916","27","7,0926","21","7,1015","19","7,1027","12","7,1129","30","7,0520","28","7,0516","21","7,0430","14","7,0429","14","7,0429","8839",,"8839","7",,,"143.3",",7","40.5","7","51.2","7","29.8","7",,,,,,,,
"USC00430193","AVERILL, VT US","45.0057","-71.6903","517.9","2017",,,"146",,"146","7",,,,,"149",,"50","7","39","7","176","7","91","7","94","7","0","7","-27","7,1229,","39",",7,0217,","18.0",",7,0315,",,,"88","7,0926,+","29","7,1001","26","7,1012","12","7,1108","12","7,1108","12","7,1108","32","7,0615","22","7,0509","22","7,0509","20","7,0414","15","7,0410","8706",,"8706","7",,,"185.0",",7","40.0","7","50.4","7","29.6","7",,,,,,,,
"USC00430193","AVERILL, VT US","45.0057","-71.6903","517.9","2018",,,"271",,"271","7","150","7","97","7","174",,"59","7","41","7","204","7","97","7","101","7","3","7","-25","7,0102,","33",",7,0316,","12.0",",7,0208,","1.23",",7,0113,","90","7,0706,+","29","7,0909","28","7,0923","24","7,1018","19","7,1026","8","7,1112","32","7,0622","27","7,0518","22","7,0512","16","7,0423","16","7,0423","9124",,"9124","7","28.60",",7","205.0",",7","39.5","7","49.8","7","29.2","7",,,,,,,,
"USC00430193","AVERILL, VT US","45.0057","-71.6903","517.9","2019",,,,,,,,,,,"160",,"57","H",,,,,,,,,,,,,"48",",H,0323,","19.8",",H,0323,",,,,,,,,,,,,,,,,,,,,,,,,,,,,,"37.53",",H","185.7",",H",,,,,,,,,,,,,,
"USC00433341","GILMAN, VT US","44.4112","-71.7186","256.0","2015",,,,,,,"148","7","97","7",,,"26","7",,,,,,,,,,,,,,,"7.5",",7,0128,","2.60",",7,0531,",,,,,,,,,,,,,,,,,,,,,,,,,,,"45.51",",7","80.3",",7",,,,,,,,,,,,,,
"USC00433341","GILMAN, VT US","44.4112","-71.7186","256.0","2016",,,,,,,"104","7","85","7",,,"16","7",,,,,,,,,,,,,,,"4.0",",7,1218,","1.80",",7,0813,",,,,,,,,,,,,,,,,,,,,,,,,,,,"36.47",",7","34.3",",7",,,,,,,,,,,,,,
"USC00433341","GILMAN, VT US","44.4112","-71.7186","256.0","2018",,,,,,,"136","7","97","7","132",,"26","7",,,,,,,,,,,,,"19",",7,0209,","8.5",",7,0105,","2.35",",7,0904,",,,,,,,,,,,,,,,,,,,,,,,,,,,"36.51",",7","69.6",",7",,,,,,,,,,,,,,
"USC00436995","RUTLAND, VT US","43.6253","-72.9781","189.0","2015",,,"348",,"348","7","142","7","72","7","88",,"21","7","42","7","167","7","66","7","134","7","2","7","-23","7,0217,+","17",",7,0222,","5.4",",7,0203,+","2.25",",7,0930,","90","7,0908,+","31","7,1005","24","7,1018","24","7,1018","20","7,1019","15","7,1124","32","7,0524","25","7,0417","24","7,0416","16","7,0402","16","7,0402","8408",,"8408","7","34.35",",7","62.6",",7","43.8","7","55.9","7","31.6","7",,,,,,,,
"USC00436995","RUTLAND, VT US","43.6253","-72.9781","189.0","2016",,,"395",,"395","7","153","7","77","7","66",,"17","7","12","7","173","7","42","7","133","7","2","7","-17","7,0214,","4",",7,1223,+","3.4",",7,1121,","1.49",",7,0225,","90","7,0812,+","32","7,0925","26","7,1015","22","7,1101","19","7,1205","16","7,1210","31","7,0511","28","7,0510","23","7,0428","12","7,0407","12","7,0407","6954",,"6954","7","34.73",",7","41.3",",7","46.3","7","57.7","7","34.8","7",,,,,,,,
"USC00436995","RUTLAND, VT US","43.6253","-72.9781","189.0","2017",,,"295",,"295","7","151","7","85","7","83",,"24","7","16","7","165","7","50","7","124","7","1","7","-17","7,1230,","14",",7,0317,+","15.1",",7,0315,","1.59",",7,0315,","91","7,0519,","31","7,1002","27","7,1017","22","7,1108","19","7,1109","12","7,1111","31","7,0505","28","7,0420","24","7,0409","17","7,0327","16","7,0326","7196",,"7196","7","36.30",",7","77.6",",7","45.4","7","56.2","7","34.6","7",,,,,,,,
"USC00436995","RUTLAND, VT US","43.6253","-72.9781","189.0","2018",,,"469",,"469","7","154","7","97","7","105",,"28","7","16","7","176","7","56","7","126","7","7","7","-24","7,0108,+","19",",7,0316,","9.6",",7,0205,","2.07",",7,0804,","97","7,0703,","31","7,1014","25","7,1022","24","7,1031","20","7,1114","13","7,1115","32","7,0514","24","7,0424","24","7,0424","20","7,0412","16","7,0327","7777",,"7777","7","40.15",",7","97.9",",7","44.7","7","55.2","7","34.2","7",,,,,,,,
"USC00436995","RUTLAND, VT US","43.6253","-72.9781","189.0","2019",,,"292",,"292","H","166","N","109","N","103",,"29","N","27","H","172","H","62","H","115","H","2","H","-22","H,0123,","18",",N,0123,+","10.2",",N,0120,","1.76",",N,0415,","90","H,0731,+","32","7,0919","28","7,1005","21","7,1108","12","7,1109","12","7,1109","32","7,0509","26","7,0429","23","7,0412","19","7,0405","12","7,0328","7926",,"7926","H","45.63",",N","87.2",",N","43.5","H","54.7","H","32.3","H",,,,,,,,
"US1VTCH0004","UNDERHILL 4.4 NNE, VT US","44.587739","-72.922508","285.3","2015",,,,,,,"171","N","102","N","106",,"31","N",,,,,,,,,,,,,"22",",N,0223,+","6.6",",N,0203,","3.50",",N,0930,",,,,,,,,,,,,,,,,,,,,,,,,,,,"49.70",",N","95.0",",N",,,,,,,,,,,,,,
"US1VTCH0004","UNDERHILL 4.4 NNE, VT US","44.587739","-72.922508","285.3","2016",,,,,,,"179","N","99","N",,,"31","N",,,,,,,,,,,,,,,"8.6",",N,1122,","1.95",",N,0225,",,,,,,,,,,,,,,,,,,,,,,,,,,,"42.06",",N","93.0",",N",,,,,,,,,,,,,,
"US1VTCH0004","UNDERHILL 4.4 NNE, VT US","44.587739","-72.922508","285.3","2017",,,,,,,"202","N","117","N",,,"37","N",,,,,,,,,,,,,,,"22.1",",N,0315,","1.85",",N,0630,",,,,,,,,,,,,,,,,,,,,,,,,,,,"50.17",",N","150.8",",N",,,,,,,,,,,,,,
"US1VTCH0004","UNDERHILL 4.4 NNE, VT US","44.587739","-72.922508","285.3","2018",,,,,,,"190","N","115","N","136",,"44","N",,,,,,,,,,,,,"27",",N,0316,+","11.4",",N,0314,","2.05",",N,0113,",,,,,,,,,,,,,,,,,,,,,,,,,,,"48.78",",N","152.0",",N",,,,,,,,,,,,,,
"US1VTCH0004","UNDERHILL 4.4 NNE, VT US","44.587739","-72.922508","285.3","2019",,,,,,,"194","N","118","N","134",,"39","N",,,,,,,,,,,,,"22",",N,0121,","14.3",",N,0323,","3.68",",N,1101,",,,,,,,,,,,,,,,,,,,,,,,,,,,"53.31",",N","149.7",",N",,,,,,,,,,,,,,
"USC00439988","WORCESTER 2 W, VT US","44.3747","-72.5822","414.5","2015",,,"268",,"268","7",,,,,"108",,"27","7","37","7","155","7","82","7","118","7","0","7","-21","7,0109,+","27",",7,0309,+","7.5",",7,0224,",,,"88","7,0730,","30","7,1015","21","7,1019","21","7,1019","19","7,1020","13","7,1130","29","7,0426","26","7,0410","22","7,0407","14","7,0403","14","7,0403","8853",,"8853","7",,,"87.2",",7","42.5","7","52.3","7","32.6","7",,,,,,,,
"USC00439988","WORCESTER 2 W, VT US","44.3747","-72.5822","414.5","2019",,,,,,,,,,,"144",,"42","H",,,,,,,,,,,,,"28",",H,0312,+","9.8",",H,0323,",,,,,,,,,,,,,,,,,,,,,,,,,"8484",,"8484","7",,,"145.1",",H",,,,,,,,,,,,,,
"USC00437607","SOUTH HERO, VT US","44.6264","-73.303","33.5","2015",,,"693",,"693","7","120","7","77","7","73",,"11","7","30","7","129","7","69","7","137","7","6","7","-17","7,0224,+","11",",7,0221,","6.0",",7,1229,","2.07",",7,0930,","94","7,0818,","30","7,1018","25","7,1019","24","7,1123","17","7,1130","14","7,1228","27","7,0416","27","7,0416","19","7,0408","19","7,0408","12","7,0329","7756",,"7756","7","37.70",",7","36.3",",7","46.7","7","56.0","7","37.3","7",,,,,,,,
"USC00437607","SOUTH HERO, VT US","44.6264","-73.303","33.5","2016",,,"808",,"808","7","120","7","70","7","49",,"10","7","9","7","143","7","45","7","132","7","9","7","-17","7,0214,","4",",7,0102,+","3.3",",7,1205,","1.78",",7,0605,","95","7,0706,","32","7,1027","28","7,1107","23","7,1205","19","7,1209","15","7,1211","32","7,0509","28","7,0429","20","7,0410","20","7,0410","16","7,0405","6505",,"6505","7","26.70",",7","28.7",",7","48.5","7","57.6","7","39.3","7",,,,,,,,
"USC00437607","SOUTH HERO, VT US","44.6264","-73.303","33.5","2017",,,"561",,"561","7","146","7","88","7","72",,"19","7","7","7","136","7","56","7","130","7","2","7","-12","7,1228,","24",",7,0315,","17.0",",7,0315,","1.76",",7,0315,","95","7,0925,","31","7,1107","27","7,1108","17","7,1110","17","7,1110","16","7,1111","31","7,0509","26","7,0409","11","7,0326","11","7,0326","11","7,0326","6688",,"6688","7","38.72",",7","77.6",",7","47.7","7","56.2","7","39.2","7",,,,,,,,
"USC00437607","SOUTH HERO, VT US","44.6264","-73.303","33.5","2018",,,"848",,"848","7","151","7","87","7","95",,"17","7","11","7","155","7","62","7","128","7","15","7","-17","7,0107,","10",",7,1116,","9.8",",7,1116,","1.84",",7,1002,","98","7,0716,+","30","7,1018","28","7,1026","16","7,1114","16","7,1114","16","7,1114","29","7,0423","28","7,0422","21","7,0415","20","7,0414","10","7,0321","7123",,"7123","7","35.12",",7","64.3",",7","47.0","7","55.5","7","38.4","7",,,,,,,,
"USC00437607","SOUTH HERO, VT US","44.6264","-73.303","33.5","2019",,,,,,,,,,,,,,,,,,,,,,,,,,,,,,,,,,,,,,,,,,,,,,,,,,,,,,,"7728",,"7728","7",,,,,,,,,,,,,,,,,,
"US1VTCL0029","ST. JOHNSBURY 5.2 NNW, VT US","44.484906","-72.070127","313.0","2019",,,,,,,"170","N","90","N",,,,,,,,,,,,,,,,,,,,,"2.59",",N,0520,",,,,,,,,,,,,,,,,,,,,,,,,,,,"46.13",",N",,,,,,,,,,,,,,,,
"US1VTCL0028","SHEFFIELD 4.5 WNW, VT US","44.636228","-72.192795","488.3","2018",,,,,,,"197","N","116","N",,,,,,,,,,,,,,,,,,,,,"2.30",",N,0113,",,,,,,,,,,,,,,,,,,,,,,,,,,,"53.60",",N",,,,,,,,,,,,,,,,
"US1VTCL0027","DANVILLE 0.4 N, VT US","44.417692","-72.139367","428.5","2017",,,,,,,"196","N","113","N",,,,,,,,,,,,,,,,,,,,,"2.57",",N,1025,",,,,,,,,,,,,,,,,,,,,,,,,,,,"51.16",",N",,,,,,,,,,,,,,,,
"US1VTCL0027","DANVILLE 0.4 N, VT US","44.417692","-72.139367","428.5","2018",,,,,,,"178","N","105","N",,,,,,,,,,,,,,,,,,,,,"1.30",",N,1222,",,,,,,,,,,,,,,,,,,,,,,,,,,,"45.00",",N",,,,,,,,,,,,,,,,
"US1VTCL0027","DANVILLE 0.4 N, VT US","44.417692","-72.139367","428.5","2019",,,,,,,"197","N","110","N",,,,,,,,,,,,,,,,,,,,,"2.89",",N,0520,",,,,,,,,,,,,,,,,,,,,,,,,,,,"49.93",",N",,,,,,,,,,,,,,,,
"USW00014742","BURLINGTON INTERNATIONAL AIRPORT, VT US","44.4683","-73.1499","100.6","2015","7.8","W","742",,"742","W","147","W","76","W","74",,"20","W","29","W","137","W","66","W","139","W","9","W","-19","W,0224,","10",",W,0209,","7.5",",W,0130,","2.04",",W,0929,+","94","W,0907,","31","W,1015","27","W,1018","22","W,1019","19","W,1130",,,"28","W,0416","23","W,0408","23","W,0408","13","W,0329","13","W,0329","7555",,"7555","W","37.87",",W","58.3",",W","47.1","W","57.0","W","37.3","W","320","W","140","W","36.0","W","47.0","W"
"USW00014742","BURLINGTON INTERNATIONAL AIRPORT, VT US","44.4683","-73.1499","100.6","2016","7.8","W","823",,"823","W","151","W","77","W","63",,"18","W","4","W","136","W","37","W","136","W","12","W","-13","W,0214,","5",",W,0105,+","3.2",",W,1212,","1.45",",W,0605,","96","W,0811,","32","W,1015","27","W,1128","22","W,1209","19","W,1210","14","W,1211","28","W,0429","27","W,0428","23","W,0410","18","W,0406","14","W,0405","6277",,"6277","W","27.77",",W","48.1",",W","49.3","W","58.5","W","40.0","W","350","W","360","W","38.0","W","49.0","W"
"USW00014742","BURLINGTON INTERNATIONAL AIRPORT, VT US","44.4683","-73.1499","100.6","2017","7.8","W","626",,"626","W","171","W","91","W","79",,"25","W","6","W","125","W","49","W","138","W","8","W","-10","W,1230,","20",",W,0315,","17.8",",W,0314,","1.79",",W,0629,","95","W,0611,","32","W,1017","24","W,1108","21","W,1110","19","W,1111","15","W,1128","32","W,0415","27","W,0409","16","W,0326","16","W,0326","3","W,0323","6380",,"6380","W","39.96",",W","106.1",",W","48.8","W","57.5","W","40.0","W","120","W","130","W","40.9","W","63.1","W"
"USW00014742","BURLINGTON INTERNATIONAL AIRPORT, VT US","44.4683","-73.1499","100.6","2018","8.1","W","896",,"896","W","165","W","90","W","110",,"25","W","11","W","150","W","55","W","130","W","17","W","-20","W,0107,","12",",W,0318,+","8.6",",W,0314,","2.29",",W,0618,","97","W,0829,+","30","W,1026","26","W,1112","23","W,1113","16","W,1114","14","W,1115","30","W,0423","24","W,0415","22","W,0409","10","W,0321","10","W,0321","6768",,"6768","W","39.30",",W","90.4",",W","48.1","W","56.9","W","39.3","W","330","W","310","W","36.0","W","46.1","W"
"USW00014742","BURLINGTON INTERNATIONAL AIRPORT, VT US","44.4683","-73.1499","100.6","2019",,,,,,,,,,,,,,,,,,,,,,,,,,,,,,,,,,,,,,,,,,,,,,,,,,,,,,,"7436",,"7436","W",,,,,,,,,,,,,,,,,,
"USW00094705","BARRE MONTPELIER KNAPP STATE AIRPORT, VT US","44.2035","-72.5623","343.2","2015","5.8","W","274",,"274","W","168","W","78","W",,,,,"37","W","161","W","77","W","125","W","0","W","-23","W,0224,",,,,,"2.11",",W,0530,","89","W,0729,","31","W,1003","27","W,1017","19","W,1018","19","W,1018","14","W,1124","32","W,0515","24","W,0416","17","W,0408","17","W,0408","13","W,0402","8845",,"8845","W","38.65",",W",,,"42.5","W","53.2","W","31.9","W","310","W","290","W","31.1","W","49.0","W"
"USW00094705","BARRE MONTPELIER KNAPP STATE AIRPORT, VT US","44.2035","-72.5623","343.2","2016","5.8","W","287",,"287","W","151","W","72","W",,,,,"16","W","171","W","58","W","121","W","1","W","-19","W,0214,",,,,,"2.03",",W,0816,","90","W,0811,","32","W,0926","24","W,1015","23","W,1027","16","W,1204","5","W,1210","32","W,0516","23","W,0429","23","W,0429","19","W,0410","11","W,0406","7453",,"7453","W","34.54",",W",,,"44.5","W","54.8","W","34.1","W","170","W","310","W","32.0","W","46.1","W"
"USW00094705","BARRE MONTPELIER KNAPP STATE AIRPORT, VT US","44.2035","-72.5623","343.2","2017","5.8","W","229",,"229","W","163","W","93","W",,,,,"17","W","153","W","69","W","106","W","0","W","-19","W,1229,",,,,,"1.50",",W,1026,","88","W,0925,+","29","W,1013","24","W,1107","18","W,1108","18","W,1108","12","W,1111","32","W,0509","25","W,0415","22","W,0403","9","W,0326","9","W,0326","7708",,"7708","W","43.58",",W",,,"43.9","W","53.5","W","34.2","W","130","W","130","W","36.9","W","57.9","W"
"USW00094705","BARRE MONTPELIER KNAPP STATE AIRPORT, VT US","44.2035","-72.5623","343.2","2018","5.8","W","370",,"370","W","170","W","84","W","0",,,,"14","W","180","W","79","W","120","W","4","W","-24","W,0102,","0",",H,1231,+",,,"1.62",",W,1221,","92","W,0701,","30","W,1015","27","W,1018","23","W,1031","16","W,1112","5","W,1114","32","W,0513","23","W,0423","23","W,0423","18","W,0411","14","W,0327","8124",,"8124","W","38.17",",W",,,"43.3","W","52.9","W","33.6","W","300","W","310","W","32.0","W","48.1","W"
"USW00094705","BARRE MONTPELIER KNAPP STATE AIRPORT, VT US","44.2035","-72.5623","343.2","2019","5.8","W","205",,"205","D","189","D","97","D",,,,,"25","D","180","D","87","D","95","D","1","D","-13","D,0202,+",,,,,"2.55",",D,0620,","90","D,0720,","31","W,1004","26","W,1005","22","W,1108","12","W,1109","12","W,1109","32","W,0514","27","W,0418","15","W,0405","15","W,0405","15","W,0405","8695",,"8695","D","49.65",",D",,,"41.7","D","51.7","D","31.7","D","300","W","320","W","35.1","W","53.0","W"
"USC00434749","LUDLOW NUMBER 2, VT US","43.3923","-72.6791","295.7","2015",,,,,,,"136","7","76","7",,,,,,,,,,,,,,,,,,,,,"1.68",",7,0910,",,,,,,,,,,,,,,,,,,,,,,,,,,,"37.70",",7",,,,,,,,,,,,,,,,
"USC00434749","LUDLOW NUMBER 2, VT US","43.3923","-72.6791","295.7","2016",,,,,,,"142","7","79","7",,,,,,,,,,,,,,,,,,,,,"1.71",",7,0225,",,,,,,,,,,,,,,,,,,,,,,,,,,,"38.16",",7",,,,,,,,,,,,,,,,
"USC00434749","LUDLOW NUMBER 2, VT US","43.3923","-72.6791","295.7","2017",,,,,,,"157","7","89","7",,,,,,,,,,,,,,,,,,,,,"3.44",",7,1030,",,,,,,,,,,,,,,,,,,,,,,,,,,,"54.00",",7",,,,,,,,,,,,,,,,
"USC00431433","CHITTENDEN, VT US","43.7063","-72.9618","354.5","2016",,,,,,,"141","7","98","7","83",,"22","7",,,,,,,,,,,,,"7",",7,1122,+","7.0",",7,1121,","1.69",",7,1022,",,,,,,,,,,,,,,,,,,,,,,,,,,,"42.37",",7","59.7",",7",,,,,,,,,,,,,,
"USC00431433","CHITTENDEN, VT US","43.7063","-72.9618","354.5","2017",,,,,,,"150","7","97","7",,,,,,,,,,,,,,,,,,,,,"1.57",",7,0315,",,,,,,,,,,,,,,,,,,,,,,,,,,,"44.24",",7",,,,,,,,,,,,,,,,
"USC00431433","CHITTENDEN, VT US","43.7063","-72.9618","354.5","2018",,,,,,,"153","7","99","7","132",,"32","7",,,,,,,,,,,,,"29",",7,0315,","13.0",",7,0315,","2.25",",7,0927,",,,,,,,,,,,,,,,,,,,,,,,,,,,"47.84",",7","124.0",",7",,,,,,,,,,,,,,
"USC00437054","SAINT JOHNSBURY, VT US","44.42","-72.0194","213.4","2015",,,"487",,"487","7","165","7","81","7","103",,"29","7","39","7","154","7","65","7","144","7","2","7","-27","7,0224,","19",",7,0222,","6.2",",7,0202,","3.21",",7,0930,","91","7,0730,","30","7,1004","22","7,1018","22","7,1018","18","7,1019","16","7,1118","32","7,0521","23","7,0416","23","7,0416","19","7,0408","12","7,0402","8051",,"8051","7","43.11",",7","77.7",",7","45.1","7","56.5","7","33.7","7",,,,,,,,
"USC00437054","SAINT JOHNSBURY, VT US","44.42","-72.0194","213.4","2016",,,"529",,"529","7","157","7","82","7","75",,"20","7","17","7","162","7","46","7","138","7","5","7","-19","7,0214,","11",",7,1230,+","5.4",",7,1230,","2.58",",7,0629,","91","7,0812,","28","7,1011","28","7,1011","24","7,1101","20","7,1129","16","7,1205","29","7,0517","27","7,0510","23","7,0429","20","7,0410","9","7,0406","6721",,"6721","7","40.34",",7","55.4",",7","47.2","7","58.2","7","36.1","7",,,,,,,,
"USC00437054","SAINT JOHNSBURY, VT US","44.42","-72.0194","213.4","2017",,,"423",,"423","7","175","7","102","7","96",,"29","7","22","7","152","7","59","7","145","7","8","7","-21","7,1229,","21",",7,0217,+","9.5",",7,0315,","1.56",",7,0701,","91","7,0926,+","31","7,1002","20","7,1108","20","7,1108","20","7,1108","14","7,1111","32","7,0521","25","7,0415","24","7,0414","7","7,0326","7","7,0326","6992",,"6992","7","43.67",",7","115.1",",7","46.4","7","57.3","7","35.5","7",,,,,,,,
"USC00437054","SAINT JOHNSBURY, VT US","44.42","-72.0194","213.4","2018",,,"608",,"608","7","168","7","92","7","138",,"25","7","23","7","169","7","50","7","136","7","13","7","-28","7,0102,","16",",7,0210,","10.0",",7,0308,","2.17",",7,0804,","93","7,0705,","32","7,1014","27","7,1019","24","7,1111","14","7,1112","14","7,1112","31","7,0513","27","7,0424","23","7,0423","19","7,0410","12","7,0406","7416",,"7416","7","42.44",",7","90.6",",7","45.7","7","56.1","7","35.3","7",,,,,,,,
"USC00437054","SAINT JOHNSBURY, VT US","44.42","-72.0194","213.4","2019",,,"387",,"387","H","177","H","90","H","145",,"26","H","29","H","162","H","61","H","115","H","5","H","-17","H,0202,+","22",",H,0131,+","13.6",",H,0120,","3.23",",H,0520,","93","H,0721,+","28","7,1005","28","7,1005","23","7,1108","14","7,1109","14","7,1109","28","7,0509","28","7,0509","21","7,0411","17","7,0405","15","7,0402","7951",,"7951","H","47.56",",H","103.3",",H","44.2","H","55.1","H","33.4","H",,,,,,,,
"USC00434122","ISLAND POND AIRPORT, VT US","44.7902","-71.8298","363.9","2019",,,"163",,"163","H",,,,,,,,,"63","H","192","H","87","H","87","H","1","H","-26","H,0114,+",,,,,,,"90","H,0721,","32","H,0913","28","H,0919","24","H,1006","20","H,1108","6","H,1109","31","H,0601","23","H,0509","23","H,0509","20","H,0418","10","H,0411","9701",,"9701","H",,,,,"38.4","H","50.6","H","26.3","H",,,,,,,,
"USC00434120","ISLAND POND, VT US","44.8128","-71.8902","365.8","2015",,,"208",,"208","7","194","7","103","7","111",,"37","7","50","7","186","7","84","7","106","7","0","7","-36","7,0224,","29",",7,0225,+","7.5",",7,0128,","2.17",",7,0930,","87","7,0819,+","29","7,0926","28","7,1003","20","7,1018","20","7,1018","16","7,1019","29","7,0523","28","7,0515","20","7,0416","20","7,0416","13","7,0408","9404",,"9404","7","46.23",",7","101.5",",7","40.3","7","51.2","7","29.4","7",,,,,,,,
"USC00434120","ISLAND POND, VT US","44.8128","-71.8902","365.8","2016",,,"249",,"249","7","191","7","90","7","112",,"31","7","27","7","183","7","76","7","111","7","0","7","-25","7,0215,","14",",7,1219,+","8.0",",7,1122,","2.03",",7,0724,","86","7,0714,","31","7,0925","27","7,1011","24","7,1027","17","7,1129","11","7,1205","32","7,0518","27","7,0517","18","7,0429","18","7,0429","15","7,0410","8070",,"8070","7","41.87",",7","96.0",",7","42.7","7","52.8","7","32.5","7",,,,,,,,
"USC00434120","ISLAND POND, VT US","44.8128","-71.8902","365.8","2017",,,"175",,"175","7","204","7","113","7","137",,"44","7","34","7","168","7","82","7","107","7","0","7","-25","7,1230,","46",",7,0217,","17.0",",7,0315,","2.31",",7,1025,","89","7,0926,","29","7,1001","26","7,1017","18","7,1108","18","7,1108","14","7,1110","29","7,0521","28","7,0504","24","7,0415","16","7,0409","16","7,0409","8371",,"8371","7","47.63",",7","146.7",",7","41.9","7","51.8","7","31.9","7",,,,,,,,
"USC00434120","ISLAND POND, VT US","44.8128","-71.8902","365.8","2018",,,"357",,"357","7","194","7","104","7","139",,"34","7","34","7","185","7","87","7","104","7","3","7","-33","7,0102,","26",",7,0211,","10.0",",7,0208,","1.96",",7,0701,","91","7,0705,","30","7,0909","27","7,1018","21","7,1027","10","7,1112","10","7,1112","29","7,0518","28","7,0513","20","7,0423","20","7,0423","13","7,0411","8788",,"8788","7","44.98",",7","119.9",",7","41.3","7","51.0","7","31.6","7",,,,,,,,
"USC00434120","ISLAND POND, VT US","44.8128","-71.8902","365.8","2019",,,"190",,"190","H","196","H","109","H","150",,"38","H","51","H","185","H","96","H","85","H","0","H","-24","H,0113,","34",",H,0203,","9.0",",H,0323,+","2.78",",H,1002,","89","H,0721,","32","7,0918","25","7,1005","24","7,1107","19","7,1108","8","7,1109","30","7,0512","25","7,0509","24","7,0417","13","7,0411","13","7,0411","9384",,"9384","H","51.08",",H","128.5",",H","39.8","H","50.1","H","29.4","H",,,,,,,,
"US1VTCH0015","HUNTINGTON 0.7 NNE, VT US","44.33583333","-72.98416667","216.7","2015",,,,,,,"171","N","100","N",,,,,,,,,,,,,,,,,,,,,"2.06",",N,0610,",,,,,,,,,,,,,,,,,,,,,,,,,,,"44.67",",N",,,,,,,,,,,,,,,,
"US1VTCH0015","HUNTINGTON 0.7 NNE, VT US","44.33583333","-72.98416667","216.7","2016",,,,,,,"182","N","90","N",,,,,,,,,,,,,,,,,,,,,"1.59",",N,0817,",,,,,,,,,,,,,,,,,,,,,,,,,,,"37.11",",N",,,,,,,,,,,,,,,,
"US1VTCH0015","HUNTINGTON 0.7 NNE, VT US","44.33583333","-72.98416667","216.7","2017",,,,,,,"196","N","106","N",,,,,,,,,,,,,,,,,,,,,"3.07",",N,0630,",,,,,,,,,,,,,,,,,,,,,,,,,,,"49.79",",N",,,,,,,,,,,,,,,,
"US1VTCH0015","HUNTINGTON 0.7 NNE, VT US","44.33583333","-72.98416667","216.7","2018",,,,,,,"185","N","107","N",,,,,,,,,,,,,,,,,,,,,"2.30",",N,0113,",,,,,,,,,,,,,,,,,,,,,,,,,,,"42.74",",N",,,,,,,,,,,,,,,,
"US1VTCH0015","HUNTINGTON 0.7 NNE, VT US","44.33583333","-72.98416667","216.7","2019",,,,,,,"200","N","98","N",,,,,,,,,,,,,,,,,,,,,"3.01",",N,1101,",,,,,,,,,,,,,,,,,,,,,,,,,,,"55.74",",N",,,,,,,,,,,,,,,,
"US1VTCH0019","JERICHO 1.0 NNW, VT US","44.515239","-72.9925559","195.4","2018",,,,,,,,,,,,,,,,,,,,,,,,,,,,,,,,,,,,,,,,,,,,,,,,,,,,,,,,,,,"47.21",",N",,,,,,,,,,,,,,,,
"US1VTCH0013","RICHMOND 3.4 SSE, VT US","44.360837","-72.963986","223.4","2016",,,,,,,"161","N","86","N",,,,,,,,,,,,,,,,,,,,,"1.68",",N,0225,",,,,,,,,,,,,,,,,,,,,,,,,,,,"37.44",",N",,,,,,,,,,,,,,,,
"US1VTCH0013","RICHMOND 3.4 SSE, VT US","44.360837","-72.963986","223.4","2017",,,,,,,"186","N","109","N",,,,,,,,,,,,,,,,,,,,,"2.95",",N,0630,",,,,,,,,,,,,,,,,,,,,,,,,,,,"50.94",",N",,,,,,,,,,,,,,,,
"US1VTCH0013","RICHMOND 3.4 SSE, VT US","44.360837","-72.963986","223.4","2018",,,,,,,"175","N","110","N",,,,,,,,,,,,,,,,,,,,,"2.12",",N,0113,",,,,,,,,,,,,,,,,,,,,,,,,,,,"44.79",",N",,,,,,,,,,,,,,,,
"US1VTRT0001","WEST RUTLAND 1.2 N, VT US","43.610676","-73.046638","206.7","2015",,,,,,,"162","N","88","N",,,,,,,,,,,,,,,,,,,,,"2.23",",N,0930,",,,,,,,,,,,,,,,,,,,,,,,,,,,"39.04",",N",,,,,,,,,,,,,,,,
"US1VTRT0001","WEST RUTLAND 1.2 N, VT US","43.610676","-73.046638","206.7","2016",,,,,,,"161","N","80","N",,,,,,,,,,,,,,,,,,,,,"1.98",",N,0919,",,,,,,,,,,,,,,,,,,,,,,,,,,,"39.43",",N",,,,,,,,,,,,,,,,
"US1VTRT0001","WEST RUTLAND 1.2 N, VT US","43.610676","-73.046638","206.7","2017",,,,,,,"157","N","101","N",,,,,,,,,,,,,,,,,,,,,"2.69",",N,0315,",,,,,,,,,,,,,,,,,,,,,,,,,,,"43.59",",N",,,,,,,,,,,,,,,,
"US1VTCH0011","UNDERHILL 5.1 NNE, VT US","44.598107","-72.918762","277.1","2015",,,,,,,,,,,,,,,,,,,,,,,,,,,,,,,,,,,,,,,,,,,,,,,,,,,,,,,,,,,"50.55",",N",,,,,,,,,,,,,,,,
"US1VTCH0011","UNDERHILL 5.1 NNE, VT US","44.598107","-72.918762","277.1","2016",,,,,,,,,,,,,,,,,,,,,,,,,,,,,,,,,,,,,,,,,,,,,,,,,,,,,,,,,,,"40.43",",N",,,,,,,,,,,,,,,,
"US1VTCH0011","UNDERHILL 5.1 NNE, VT US","44.598107","-72.918762","277.1","2018",,,,,,,"175","N","111","N",,,,,,,,,,,,,,,,,,,,,"1.81",",N,0113,",,,,,,,,,,,,,,,,,,,,,,,,,,,"51.08",",N",,,,,,,,,,,,,,,,
"US1VTCH0011","UNDERHILL 5.1 NNE, VT US","44.598107","-72.918762","277.1","2019",,,,,,,"179","N","107","N",,,,,,,,,,,,,,,,,,,,,"4.06",",N,1101,",,,,,,,,,,,,,,,,,,,,,,,,,,,"55.20",",N",,,,,,,,,,,,,,,,
"USR0000VELM","ELMORE VERMONT, VT US","44.5431","-72.5294","365.8","2015",,,"331",,"331","U",,,,,,,,,"43","U","159","U","71","U","125","U","1","U","-30","U,0224,",,,,,,,"90","U,0729,","31","U,1004","25","U,1017","23","U,1018","18","U,1019","16","U,1124","28","U,0425","28","U,0425","24","U,0416","17","U,0408","12","U,0402","8485",,"8485","U",,,,,"42.8","U","53.6","U","32.0","U",,,,,,,,
"USR0000VELM","ELMORE VERMONT, VT US","44.5431","-72.5294","365.8","2016",,,"364",,"364","U",,,,,,,,,"20","U","167","U","63","U","120","U","0","U","-21","U,0214,",,,,,,,"89","U,0811,+","31","U,1011","28","U,1015","24","U,1107","19","U,1128","16","U,1204","31","U,0516","23","U,0429","23","U,0429","16","U,0410","16","U,0410","7288",,"7288","U",,,,,"44.5","U","54.7","U","34.4","U",,,,,,,,
"USR0000VELM","ELMORE VERMONT, VT US","44.5431","-72.5294","365.8","2017",,,"270",,"270","U",,,,,,,,,"26","U","151","U","68","U","108","U","0","U","-14","U,1230,+",,,,,,,"89","U,0925,+","29","U,1017","24","U,1107","24","U,1107","19","U,1108","15","U,1110","32","U,0509","27","U,0415","19","U,0409","19","U,0409","-1","U,0326","7553",,"7553","U",,,,,"44.0","U","53.6","U","34.4","U",,,,,,,,
"USR0000VELM","ELMORE VERMONT, VT US","44.5431","-72.5294","365.8","2018",,,,,,,,,,,,,,,,,,,,,,,,,,,,,,,,,,,,,,,,,,,,,,,,,,,,,,,"8058",,"8058","U",,,,,,,,,,,,,,,,,,
"USC00438172","SUTTON 2 NE, VT US","44.6649","-72.0232","304.8","2015",,,,,,,,,,,,,,,,,,,,,,,,,,,,,,,,,,,,,,,,,,,,,,,,,,,,,,,"10441",,"10441","7",,,,,,,,,,,,,,,,,,
"USC00438172","SUTTON 2 NE, VT US","44.6649","-72.0232","304.8","2016",,,,,,,,,,,"120",,"31","7",,,,,,,,,,,,,"17",",7,1231,","5.3",",7,1230,",,,,,,,,,,,,,,,,,,,,,,,,,,,,,,,"84.8",",7",,,,,,,,,,,,,,
"USC00436391","PLAINFIELD, VT US","44.2763","-72.4154","243.8","2015",,,"216",,"216","7","146","7","90","7","104",,"26","7","59","7","196","7","80","7","126","7","1","7","-29","7,0225,+","20",",7,0226,+","4.0",",7,1229,+","2.67",",7,0720,","91","7,0730,","32","7,0926","28","7,1003","18","7,1018","18","7,1018","14","7,1019","32","7,0607","25","7,0523","22","7,0417","16","7,0409","16","7,0409",,,,,"44.98",",7","53.7",",7","40.4","7","53.6","7","27.2","7",,,,,,,,
"USC00436391","PLAINFIELD, VT US","44.2763","-72.4154","243.8","2016",,,"250",,"250","7","148","7","86","7","85",,"19","7","29","7","190","7","61","7","118","7","1","7","-23","7,1220,","7",",7,1230,+","3.0",",7,1218,","2.38",",7,0225,","90","7,0812,","29","7,0925","25","7,1011","22","7,1015","20","7,1107","16","7,1205","27","7,0517","27","7,0517","19","7,0430","19","7,0430","8","7,0407","7999",,"7999","7","41.00",",7","41.2",",7","42.4","7","54.8","7","30.1","7",,,,,,,,
"USC00436391","PLAINFIELD, VT US","44.2763","-72.4154","243.8","2017",,,,,,,"162","7","99","7","104",,"21","7",,,,,"74","7","120","7","2","7",,,"17",",7,0218,+","13.0",",7,0315,","2.29",",7,0630,","92","7,0613,",,,,,,,,,,,,,,,,,,,,,"8450",,"8450","7","46.65",",7","84.7",",7",,,"53.8","7",,,,,,,,,,
"USC00436391","PLAINFIELD, VT US","44.2763","-72.4154","243.8","2018",,,"360",,"360","7","165","7","101","7","143",,"28","7","36","7","189","7","68","7","123","7","9","7","-29","7,0103,+","22",",7,0315,+","16.0",",7,0314,","1.83",",7,0619,","94","7,0706,","32","7,0909","28","7,1015","23","7,1027","15","7,1112","15","7,1112","32","7,0518","27","7,0512","23","7,0424","20","7,0423","12","7,0407",,,,,"40.76",",7","88.2",",7","41.9","7","53.7","7","30.1","7",,,,,,,,
"USC00436391","PLAINFIELD, VT US","44.2763","-72.4154","243.8","2019",,,"198",,"198","H","164","H","105","H","148",,,,"43","H","189","H","75","H","109","H","3","H","-20","H,0123,+","24",",H,0324,+",,,"1.95",",H,0520,","93","H,0721,","30","7,0919","25","7,1005","24","7,1102","11","7,1109","11","7,1109","32","7,0514","27","7,0509","20","7,0412","20","7,0412","15","7,0406","9078",,"9078","H","49.84",",H",,,"40.4","H","52.8","H","27.9","H",,,,,,,,
"USC00431565","CORINTH, VT US","44.0069","-72.3194","359.7","2015",,,"164",,"164","7","152","7","87","7","113",,"28","7","59","7","181","7","75","7","111","7","0","7","-25","7,0225,+","32",",7,0222,","6.5",",7,0222,","2.84",",7,0720,","87","7,0820,+","32","7,0927","28","7,1005","19","7,1018","19","7,1018","16","7,1019","32","7,0524","27","7,0523","24","7,0416","17","7,0409","13","7,0403","9506",,"9506","7","44.08",",7","74.9",",7","40.5","7","51.9","7","29.0","7",,,,,,,,
"USC00431565","CORINTH, VT US","44.0069","-72.3194","359.7","2016",,,,,,,"143","7","89","7","111",,"30","7",,,,,,,,,,,,,"14",",7,1231,+","5.8",",7,1230,","1.92",",7,0606,",,,,,,,,,,,,,,,,,,,,,,,"7892",,"7892","7","39.39",",7","71.7",",7",,,,,,,,,,,,,,
"USC00431565","CORINTH, VT US","44.0069","-72.3194","359.7","2017",,,"101",,"101","7","166","7","98","7","132",,"32","7","34","7","173","7","70","7","91","7","0","7","-23","7,1229,","34",",7,0217,","16.0",",7,0315,","2.90",",7,1025,","86","7,0613,","29","7,1001","26","7,1017","21","7,1108","16","7,1109","16","7,1109","30","7,0505","23","7,0416","23","7,0416","7","7,0327","7","7,0327",,,,,"48.79",",7","115.5",",7","41.9","7","51.9","7","32.0","7",,,,,,,,
"USC00431565","CORINTH, VT US","44.0069","-72.3194","359.7","2018",,,"229",,"229","7","162","7","98","7","169",,"31","7","28","7","186","7","73","7","115","7","0","7","-24","7,0108,+","32",",7,0315,","9.8",",7,0208,","1.70",",7,0804,","87","7,0703,+","30","7,1014","27","7,1018","24","7,1020","16","7,1112","16","7,1112","32","7,0514","25","7,0424","24","7,0423","18","7,0413","16","7,0409","8620",,"8620","7","43.13",",7","119.3",",7","41.7","7","51.7","7","31.8","7",,,,,,,,
"USC00431565","CORINTH, VT US","44.0069","-72.3194","359.7","2019",,,,,,,,,,,"163",,"38","H",,,,,,,,,,,,,"35",",H,0323,","12.3",",H,0120,",,,,,,,,,,,,,,,,,,,,,,,,,,,,,,,"117.7",",H",,,,,,,,,,,,,,
"USC00435768","NORTH HARTLAND LAKE, VT US","43.6027","-72.3621","173.7","2015",,,"370",,"370","7",,,,,,,,,"42","7","166","7","75","7","129","7","1","7","-24","7,0225,+",,,,,,,"91","7,0730,","32","7,1005","23","7,1018","23","7,1018","17","7,1118","15","7,1124","32","7,0524","28","7,0425","22","7,0409","18","7,0403","12","7,0330","8532",,"8532","7","36.33",",7",,,"43.5","7","55.0","7","31.9","7",,,,,,,,
"USC00435768","NORTH HARTLAND LAKE, VT US","43.6027","-72.3621","173.7","2016",,,"396",,"396","7",,,,,,,,,"14","7","178","7","46","7","124","7","2","7","-17","7,0215,+",,,,,,,"92","7,0812,","30","7,1011","27","7,1015","23","7,1106","20","7,1205","16","7,1210","31","7,0517","26","7,0429","23","7,0411","12","7,0407","12","7,0407","7107",,"7107","7","36.41",",",,,"45.7","7","56.6","7","34.8","7",,,,,,,,
"USC00435768","NORTH HARTLAND LAKE, VT US","43.6027","-72.3621","173.7","2017",,,"302",,"302","7",,,,,,,,,"18","7","160","7","55","7","125","7","2","7","-21","7,1231,+",,,,,,,"92","7,0613,","29","7,1017","27","7,1108","20","7,1109","20","7,1109","16","7,1111","31","7,0505","27","7,0416","24","7,0409","17","7,0327","8","7,0324","7464",,"7464","7",,,,,"44.8","7","55.3","7","34.4","7",,,,,,,,
"USC00435768","NORTH HARTLAND LAKE, VT US","43.6027","-72.3621","173.7","2018",,,"472",,"472","7",,,,,,,,,"20","7","181","7","60","7","120","7","9","7","-23","7,0103,+",,,,,,,"94","7,0702,","30","7,1014","26","7,1019","23","7,1022","20","7,1112","12","7,1115","32","7,0425","27","7,0424","24","7,0415","20","7,0409","14","7,0322","7854",,"7854","7","41.61",",7",,,"44.3","7","54.4","7","34.2","7",,,,,,,,
"USC00435768","NORTH HARTLAND LAKE, VT US","43.6027","-72.3621","173.7","2019",,,"310",,"310","H",,,,,,,,,"29","H","176","H","62","H","109","H","2","H","-15","H,0203,+",,,,,,,"93","H,0721,","29","7,1005","26","7,1102","22","7,1108","16","7,1109","16","7,1109","32","7,0514","27","7,0429","23","7,0412","19","7,0403","14","7,0328","8262",,"8262","H",,,,,"43.0","H","53.8","H","32.2","H",,,,,,,,
"USW00054771","MORRISVILLE STOWE STATE AIRPORT, VT US","44.53444","-72.61444","223.1","2015","4.0","W","482",,"482","W","115","W","50","W","0",,,,"43","W","156","W","67","W","135","W","5","W","-29","W,0224,","0",",W,1231,+",,,"1.93",",W,0609,","93","W,0729,","31","W,1004","27","W,1017","22","W,1018","17","W,1019","12","W,1130","32","W,0515","22","W,0416","22","W,0416","14","W,0402","14","W,0402","8292",,"8292","W","22.48",",W",,,"44.1","W","55.7","W","32.5","W","310","W","300","W","30.0","W","46.1","W"
"USW00054771","MORRISVILLE STOWE STATE AIRPORT, VT US","44.53444","-72.61444","223.1","2016","4.5","W","303",,"303","W","111","W","63","W","0",,,,"17","W","169","W","47","W","124","W","1","W","-17","W,0214,","0",",W,1231,+",,,"1.10",",W,0801,","90","W,0811,","31","W,0925","25","W,1015","23","W,1101","19","W,1128","6","W,1210","30","W,0517","27","W,0510","20","W,0429","19","W,0428","11","W,0406","6915",,"6915","W","21.65",",W",,,"44.7","W","56.0","W","33.3","W","20","W","20","W","36.0","W","47.0","W"
"USW00054771","MORRISVILLE STOWE STATE AIRPORT, VT US","44.53444","-72.61444","223.1","2017","4.5","W","180",,"180","W","154","W","81","W","0",,,,"23","W","171","W","67","W","111","W","0","W","-24","W,1229,","0",",W,1231,+",,,"1.76",",W,0629,","89","W,0925,+","31","W,0930","25","W,1017","22","W,1107","17","W,1108","13","W,1111","29","W,0521","27","W,0504","22","W,0415","19","W,0409","-2","W,0326","7744",,"7744","W","37.15",",W",,,"43.1","W","53.8","W","32.4","W","170","W","190","W","42.9","W","65.1","W"
"USW00054771","MORRISVILLE STOWE STATE AIRPORT, VT US","44.53444","-72.61444","223.1","2018","4.5","W",,,,,"173","W","95","W","0",,,,"22","W","183","W","65","W","121","W","7","W","-24","W,0101,","0",",W,1231,+",,,"1.63",",W,0112,","92","W,0806,+","31","W,0909","24","W,1026","22","W,1111","16","W,1112","5","W,1114","32","W,0518","27","W,0512","19","W,0423","19","W,0423","13","W,0406",,,,,"39.94",",W",,,"43.1","W","53.9","W","32.3","W","350","W","360","W","29.1","W","48.1","W"
"USW00054771","MORRISVILLE STOWE STATE AIRPORT, VT US","44.53444","-72.61444","223.1","2019","4.5","W","244",,"244","D","160","D","83","D",,,,,"33","D","178","D","74","D","106","D","1","D","-19","D,0122,",,,,,"2.20",",D,1001,","91","D,0720,","32","W,0919","27","W,1005","22","W,1108","11","W,1109","11","W,1109","32","W,0512","27","W,0509","21","W,0411","14","W,0405","14","W,0405","8705",,"8705","D","42.93",",D",,,"41.7","D","53.0","D","30.5","D","180","W","170","W","32.0","W","52.1","W"
"US1VTWH0029","BRATTLEBORO 0.7 S, VT US","42.8403","-72.5558","117.3","2019",,,,,,,"157","N","87","N",,,,,,,,,,,,,,,,,,,,,"2.63",",N,1017,",,,,,,,,,,,,,,,,,,,,,,,,,,,"47.80",",N",,,,,,,,,,,,,,,,
"USC00432773","ENOSBURG FALLS 2, VT US","44.9096","-72.8137","129.5","2015",,,"441",,"441","7",,,,,,,"34","7","55","7","179","7","67","7","142","7","9","7","-33","7,0225,",,,"8.0",",7,0203,",,,"93","7,0730,","30","7,1005","27","7,1015","21","7,1018","16","7,1019","16","7,1019","32","7,0524","22","7,0418","22","7,0418","20","7,0409","15","7,0403","8462",,"8462","7",,,"91.3",",7","42.8","7","56.2","7","29.4","7",,,,,,,,
"USC00432773","ENOSBURG FALLS 2, VT US","44.9096","-72.8137","129.5","2016",,,"388",,"388","7",,,,,"86",,"25","7","27","7","182","7","57","7","129","7","9","7","-24","7,0215,","8",",7,1122,+","7.0",",7,0407,",,,"92","7,0806,+","31","7,0925","28","7,1011","24","7,1101","20","7,1129","14","7,1205","28","7,0518","28","7,0518","24","7,0501","18","7,0430","15","7,0410","7415",,"7415","7",,,"65.3",",7","44.7","7","56.8","7","32.6","7",,,,,,,,
"USC00432773","ENOSBURG FALLS 2, VT US","44.9096","-72.8137","129.5","2017",,,,,,,,,,,"87",,"27","7",,,,,,,,,,,,,"33",",7,0318,+","23.0",",7,0315,",,,,,,,,,,,,,,,,,,,,,,,,,"7330",,"7330","7",,,"106.4",",7",,,,,,,,,,,,,,
"USC00432773","ENOSBURG FALLS 2, VT US","44.9096","-72.8137","129.5","2018",,,"550",,"550","7",,,,,"120",,"32","7","41","7","175","7","69","7","129","7","19","7","-29","7,0108,","20",",7,0213,+","10.0",",7,0208,",,,"96","7,0703,","32","7,1006","28","7,1019","24","7,1027","17","7,1111","15","7,1114","30","7,0514","28","7,0513","22","7,0424","19","7,0412","15","7,0406",,,,,,,"96.8",",7","43.4","7","55.4","7","31.4","7",,,,,,,,
"USC00432773","ENOSBURG FALLS 2, VT US","44.9096","-72.8137","129.5","2019",,,,,,,,,,,"127",,"28","H",,,,,,,,,,,,,"26",",H,0123,+","9.0",",H,0323,",,,,,,,,,,,,,,,,,,,,,,,,,"8624",,"8624","7",,,"90.2",",H",,,,,,,,,,,,,,
"USC00438652","WALDEN 4 N, VT US","44.5027","-72.2204","685.8","2015",,,"103",,"103","7","187","7","106","7","146",,"42","7","60","7","196","7","107","7","87","7","0","7","-27","7,0109,+","38",",7,0317,+","7.5",",7,0104,","2.52",",7,0720,","84","7,0819,+","31","7,0926","27","7,1004","14","7,1018","14","7,1018","14","7,1018","32","7,0608","27","7,0524","23","7,0426","20","7,0409","14","7,0408","10430",,"10430","7","44.90",",7","101.5",",7","37.6","7","47.8","7","27.5","7",,,,,,,,
"USC00438652","WALDEN 4 N, VT US","44.5027","-72.2204","685.8","2016",,,"100",,"100","7","177","7","103","7","155",,"41","7","32","7","196","7","99","7","93","7","0","7","-27","7,0215,+","21",",7,1231,","5.0",",7,1028,","1.97",",7,1022,","84","7,0812,+","31","7,0925","28","7,1011","24","7,1015","20","7,1101","15","7,1129","31","7,0518","26","7,0517","21","7,0430","19","7,0429","9","7,0411","9084",,"9084","7","45.09",",7","106.9",",7","39.5","7","49.6","7","29.4","7",,,,,,,,
"USC00438652","WALDEN 4 N, VT US","44.5027","-72.2204","685.8","2017",,,,,,,,,,,,,,,,,,,,,,,,,,,,,,,,,,,,,,,,,,,,,,,,,,,,,,,"9449",,"9449","7",,,,,,,,,,,,,,,,,,
"US1VTWS0030","WOODBURY 3.4 NNW, VT US","44.488258","-72.432583","495.0","2017",,,,,,,"202","N","111","N",,,,,,,,,,,,,,,,,,,,,"1.89",",N,0630,",,,,,,,,,,,,,,,,,,,,,,,,,,,"49.55",",N",,,,,,,,,,,,,,,,
"USC00439984","WOODSTOCK, VT US","43.6303","-72.5072","182.9","2015",,,"430",,"430","7","112","7","75","7",,,,,"48","7","166","7","67","7","132","7","3","7","-26","7,0224,",,,,,"1.67",",7,0930,","93","7,0730,","30","7,1005","21","7,1018","21","7,1018","20","7,1019","16","7,1118","30","7,0523","25","7,0417","21","7,0408","17","7,0402","16","7,0401","8112",,"8112","7","37.84",",7",,,"44.2","7","57.0","7","31.4","7",,,,,,,,
"USC00439984","WOODSTOCK, VT US","43.6303","-72.5072","182.9","2016",,,"468",,"468","7","117","7","75","7","85",,"24","7","15","7","170","7","35","7","127","7","7","7","-15","7,0214,","9",",7,1231,+","5.0",",7,1230,+","1.56",",7,0225,","93","7,0812,","32","7,0925","28","7,1011","24","7,1027","19","7,1205","-2","7,1211","29","7,0511","27","7,0429","23","7,0428","18","7,0407","11","7,0406","6577",,"6577","7","36.47",",7","53.9",",7","46.6","7","58.5","7","34.7","7",,,,,,,,
"USC00439984","WOODSTOCK, VT US","43.6303","-72.5072","182.9","2017",,,"374",,"374","7","135","7","84","7","113",,"20","7","18","7","164","7","49","7","135","7","6","7","-22","7,1231,","21",",7,0213,","15.0",",7,0401,","2.88",",7,0702,","94","7,0613,","32","7,1013","27","7,1017","19","7,1109","19","7,1109","16","7,1111","29","7,0504","26","7,0416","22","7,0404","17","7,0327","14","7,0326","7168",,"7168","7","48.26",",7","90.6",",7","45.8","7","57.2","7","34.4","7",,,,,,,,
"USC00439984","WOODSTOCK, VT US","43.6303","-72.5072","182.9","2018",,,"569",,"569","7","137","7","92","7","138",,,,"23","7","169","7","47","7","131","7","16","7","-25","7,0101,","21",",7,0208,",,,"1.42",",7,1222,","97","7,0702,","29","7,1014","28","7,1018","22","7,1022","19","7,1112","11","7,1115","31","7,0513","28","7,0424","24","7,0423","20","7,0413","15","7,0407","7437",,"7437","7","44.17",",7",,,"45.0","7","56.2","7","33.7","7",,,,,,,,
"USC00439984","WOODSTOCK, VT US","43.6303","-72.5072","182.9","2019",,,"359",,"359","H","140","H","98","H","118",,,,"29","H","173","H","57","H","121","H","3","H","-14","H,0202,","22",",H,0121,",,,"2.47",",H,1017,","95","H,0721,","27","7,1005","27","7,1005","24","7,1104","14","7,1109","14","7,1109","31","7,0509","27","7,0429","22","7,0412","20","7,0405","16","7,0329","7840",,"7840","H","49.14",",H",,,"43.9","H","55.7","H","32.2","H",,,,,,,,
"US1VTOL0001","WESTFIELD 0.7 WNW, VT US","44.8916","-72.4435","325.8","2015",,,,,,,"194","N","116","N",,,,,,,,,,,,,,,,,,,,,"2.37",",N,0930,",,,,,,,,,,,,,,,,,,,,,,,,,,,"55.33",",N",,,,,,,,,,,,,,,,
"US1VTOL0001","WESTFIELD 0.7 WNW, VT US","44.8916","-72.4435","325.8","2019",,,,,,,"204","N","126","N",,,,,,,,,,,,,,,,,,,,,"3.63",",N,1101,",,,,,,,,,,,,,,,,,,,,,,,,,,,"60.14",",N",,,,,,,,,,,,,,,,
"USC00438556","UNION VILLAGE DAM, VT US","43.7917","-72.2578","140.2","2015",,,"426",,"426","7","129","7","73","7","100",,"19","7","44","7","176","7","67","7","138","7","6","7","-25","7,0225,+","21",",7,0222,","5.0",",7,0409,","1.72",",7,0826,","93","7,0730,","31","7,1004","21","7,1018","21","7,1018","18","7,1019","14","7,1124","28","7,0523","28","7,0523","23","7,0416","19","7,0403","11","7,0330","8503",,"8503","7","37.33",",7","50.1",",7","43.8","7","56.5","7","31.0","7",,,,,,,,
"USC00438556","UNION VILLAGE DAM, VT US","43.7917","-72.2578","140.2","2016",,,"497",,"497","7",,,,,,,,,"19","7","178","7","42","7","133","7","9","7","-16","7,0215,+",,,,,,,"94","7,0813,+","31","7,0926","25","7,1012","24","7,1027","18","7,1206","16","7,1210","31","7,0517","28","7,0510","24","7,0428","12","7,0407","12","7,0407","7000",,"7000","7","35.53",",",,,"46.1","7","58.0","7","34.2","7",,,,,,,,
"USC00438556","UNION VILLAGE DAM, VT US","43.7917","-72.2578","140.2","2017",,,"366",,"366","7",,,,,,,,,"17","7","172","7","51","7","133","7","4","7","-23","7,1228,",,,,,,,"94","7,0613,+","32","7,1002","26","7,1108","19","7,1109","19","7,1109","15","7,1111","29","7,0504","27","7,0416","23","7,0410","14","7,0327","14","7,0327","7386",,"7386","7","44.03",",",,,"45.2","7","56.6","7","33.9","7",,,,,,,,
"USC00438556","UNION VILLAGE DAM, VT US","43.7917","-72.2578","140.2","2018",,,"588",,"588","7",,,,,,,,,"21","7","183","7","56","7","130","7","14","7","-27","7,0103,+",,,,,,,"95","7,0703,+","30","7,1014","24","7,1019","24","7,1019","19","7,1112","10","7,1115","31","7,0513","23","7,0424","23","7,0424","19","7,0409","15","7,0406","7811",,"7811","7","41.60",",7",,,"44.9","7","55.9","7","33.9","7",,,,,,,,
"USC00438556","UNION VILLAGE DAM, VT US","43.7917","-72.2578","140.2","2019",,,"428",,"428","H",,,,,,,,,"33","H","175","H","59","H","124","H","9","H","-15","H,0203,+",,,,,,,"95","H,0721,","28","7,1005","28","7,1005","21","7,1108","16","7,1109","16","7,1109","31","7,0509","26","7,0429","22","7,0411","20","7,0405","14","7,0328","8136",,"8136","H",,,,,"43.8","H","55.6","H","32.0","H",,,,,,,,
"USC00436335","PERU, VT US","43.26271","-72.90553","518.2","2015",,,,,,,"141","7","90","7",,,,,,,,,,,,,,,,,,,,,"1.91",",7,0119,",,,,,,,,,,,,,,,,,,,,,,,,,,,"49.97",",7",,,,,,,,,,,,,,,,
"USC00436335","PERU, VT US","43.26271","-72.90553","518.2","2018",,,,,,,"164","7","123","7",,,,,"17","7","171","7",,,,,,,"-18","7,0102,+",,,,,"2.08",",7,0113,",,,"31","7,1014","27","7,1018","24","7,1027","20","7,1113","8","7,1115","32","7,0512","27","7,0424","23","7,0417","16","7,0410","16","7,0410",,,,,"65.31",",7",,,,,,,"33.5","7",,,,,,,,
"USC00436335","PERU, VT US","43.26271","-72.90553","518.2","2019",,,,,,,"156","H","121","H","146",,"38","H",,,,,,,,,,,,,"32",",H,0323,","10.8",",H,0120,","2.61",",H,1018,",,,,,,,,,,,,,,,,,,,,,,,,,,,"66.18",",H","120.2",",H",,,,,,,,,,,,,,
"US1VTOL0002","BARTON 3.0 ENE, VT US","44.75863","-72.11683","456.9","2015",,,,,,,"181","N","102","N",,,,,,,,,,,,,,,,,,,,,"2.19",",N,0930,",,,,,,,,,,,,,,,,,,,,,,,,,,,"45.50",",N",,,,,,,,,,,,,,,,
"US1VTOL0002","BARTON 3.0 ENE, VT US","44.75863","-72.11683","456.9","2016",,,,,,,"175","N","89","N",,,,,,,,,,,,,,,,,,,,,"1.76",",N,0225,",,,,,,,,,,,,,,,,,,,,,,,,,,,"40.31",",N",,,,,,,,,,,,,,,,
"US1VTOL0002","BARTON 3.0 ENE, VT US","44.75863","-72.11683","456.9","2017",,,,,,,"191","N","120","N",,,,,,,,,,,,,,,,,,,,,"2.06",",N,1025,",,,,,,,,,,,,,,,,,,,,,,,,,,,"45.50",",N",,,,,,,,,,,,,,,,
"US1VTOL0002","BARTON 3.0 ENE, VT US","44.75863","-72.11683","456.9","2018",,,,,,,"191","N","102","N","161",,"37","N",,,,,,,,,,,,,"20",",N,0315,","10.9",",N,1128,","1.79",",N,0113,",,,,,,,,,,,,,,,,,,,,,,,,,,,"43.26",",N","128.7",",N",,,,,,,,,,,,,,
"US1VTOL0002","BARTON 3.0 ENE, VT US","44.75863","-72.11683","456.9","2019",,,,,,,"194","N","107","N",,,,,,,,,,,,,,,,,,,,,"2.41",",N,1002,",,,,,,,,,,,,,,,,,,,,,,,,,,,"49.51",",N",,,,,,,,,,,,,,,,
"USC00431580","CORNWALL, VT US","43.9573","-73.2106","105.2","2015",,,"580",,"580","7","130","7","76","7","72",,"20","7","35","7","146","7","64","7","135","7","6","7","-22","7,0216,","18",",7,0223,","8.0",",7,0203,","2.27",",7,0930,","94","7,0907,","32","7,1005","19","7,1019","19","7,1019","19","7,1019","16","7,1124","32","7,0523","27","7,0416","21","7,0409","17","7,0401","16","7,0330","8080",,"8080","7","34.04",",7","45.1",",7","45.5","7","56.1","7","34.9","7",,,,,,,,
"USC00431580","CORNWALL, VT US","43.9573","-73.2106","105.2","2016",,,"653",,"653","7","116","7","71","7","62",,"16","7","9","7","155","7","41","7","134","7","7","7","-17","7,0214,","4",",7,0130,","4.0",",7,1218,+","1.93",",7,0225,","96","7,0813,","32","7,1012","25","7,1027","24","7,1107","20","7,1205","10","7,1211","31","7,0511","26","7,0430","24","7,0428","20","7,0407","9","7,0406","6746",,"6746","7","29.82",",7","33.5",",7","47.5","7","57.8","7","37.2","7",,,,,,,,
"USC00431580","CORNWALL, VT US","43.9573","-73.2106","105.2","2017",,,"458",,"458","7",,,,,"62",,"13","7","13","7","150","7","55","7","126","7","6","7","-18","7,1230,","16",",7,0316,+","16.0",",7,0315,",,,"94","7,0613,","32","7,0829","22","7,0902","22","7,0902","16","7,1111","16","7,1111","31","7,0504","28","7,0415","14","7,0327","14","7,0327","14","7,0327","6894",,"6894","7",,,"57.4",",7","46.1","7","56.0","7","36.3","7",,,,,,,,
"USC00431580","CORNWALL, VT US","43.9573","-73.2106","105.2","2018",,,"701",,"701","7","141","7","87","7","91",,"25","7","15","7","169","7","64","7","126","7","14","7","-26","7,0108,+","12",",7,0210,","8.5",",7,0208,","1.58",",7,0113,","96","7,0705,+","27","7,1018","27","7,1018","24","7,1027","13","7,1115","13","7,1115","32","7,0512","28","7,0424","23","7,0416","18","7,0410","2","7,0321","7672",,"7672","7","36.20",",7","68.0",",7","45.6","7","54.9","7","36.2","7",,,,,,,,
"USC00431580","CORNWALL, VT US","43.9573","-73.2106","105.2","2019",,,,,,,,,,,,,,,,,,,,,,,,,,,,,,,,,,,,,,,,,,,,,,,,,,,,,,,"8013",,"8013","7",,,,,,,,,,,,,,,,,,
"US1VTWR0002","POMFRET 2.6 N, VT US","43.7423","-72.5255","483.1","2015",,,,,,,"148","N","80","N",,,,,,,,,,,,,,,,,,,,,"2.49",",N,0930,",,,,,,,,,,,,,,,,,,,,,,,,,,,"44.98",",N",,,,,,,,,,,,,,,,
"US1VTWR0002","POMFRET 2.6 N, VT US","43.7423","-72.5255","483.1","2016",,,,,,,"150","N","82","N",,,,,,,,,,,,,,,,,,,,,"2.49",",N,0606,",,,,,,,,,,,,,,,,,,,,,,,,,,,"41.51",",N",,,,,,,,,,,,,,,,
"US1VTWR0002","POMFRET 2.6 N, VT US","43.7423","-72.5255","483.1","2017",,,,,,,"177","N","101","N",,,,,,,,,,,,,,,,,,,,,"2.91",",N,1030,",,,,,,,,,,,,,,,,,,,,,,,,,,,"51.57",",N",,,,,,,,,,,,,,,,
"US1VTWR0002","POMFRET 2.6 N, VT US","43.7423","-72.5255","483.1","2018",,,,,,,"167","N","103","N",,,,,,,,,,,,,,,,,,,,,"1.58",",N,0804,",,,,,,,,,,,,,,,,,,,,,,,,,,,"48.70",",N",,,,,,,,,,,,,,,,
"US1VTWR0002","POMFRET 2.6 N, VT US","43.7423","-72.5255","483.1","2019",,,,,,,"178","N","103","N",,,,,,,,,,,,,,,,,,,,,"2.33",",N,1017,",,,,,,,,,,,,,,,,,,,,,,,,,,,"54.18",",N",,,,,,,,,,,,,,,,
"US1VTWR0003","LUDLOW 0.5 WSW, VT US","43.394204","-72.710782","370.0","2017",,,,,,,,,,,,,,,,,,,,,,,,,,,,,,,,,,,,,,,,,,,,,,,,,,,,,,,,,,,"57.28",",N",,,,,,,,,,,,,,,,
"USC00434290","JOHNSON 2 N, VT US","44.658","-72.6786","298.7","2015",,,"180",,"180","7",,,,,"104",,"30","7","47","7","165","7","86","7","109","7","0","7","-21","7,0224,+","26",",7,0309,+","7.0",",7,0203,",,,"86","7,0908,+","32","7,1004","28","7,1015","23","7,1018","17","7,1019","13","7,1117","32","7,0523","28","7,0425","24","7,0409","20","7,0408","15","7,0402","9260",,"9260","7",,,"80.3",",7","41.0","7","51.3","7","30.7","7",,,,,,,,
"USC00434290","JOHNSON 2 N, VT US","44.658","-72.6786","298.7","2016",,,"239",,"239","7","149","7","102","7","105",,"37","7","22","7","179","7","69","7","107","7","0","7","-22","7,0215,+","13",",7,0125,+","7.0",",7,1122,","1.90",",7,0225,","87","7,0714,","30","7,0926","26","7,1015","23","7,1105","19","7,1129","15","7,1205","32","7,0517","28","7,0430","24","7,0429","16","7,0411","16","7,0411","7798",,"7798","7","45.31",",7","88.9",",7","43.0","7","52.9","7","33.2","7",,,,,,,,
"USC00434290","JOHNSON 2 N, VT US","44.658","-72.6786","298.7","2017",,,"138",,"138","7",,,,,"128",,"41","7","26","7","166","7","80","7","96","7","0","7","-15","7,1229,+","37",",7,0218,+","19.0",",7,0315,",,,"87","7,0519,","29","7,1002","28","7,1017","19","7,1108","19","7,1108","16","7,1110","31","7,0520","27","7,0415","22","7,0410","20","7,0409","8","7,0327","8153",,"8153","7","52.13",",7","163.0",",7","42.3","7","51.7","7","33.0","7",,,,,,,,
"USC00434290","JOHNSON 2 N, VT US","44.658","-72.6786","298.7","2018",,,,,,,"170","7","109","7","137",,"49","7",,,,,,,,,,,,,"28",",7,0317,+","10.0",",7,0208,","1.72",",7,1003,",,,,,,,,,,,,,,,,,,,,,,,,,,,"47.32",",7","140.6",",7",,,,,,,,,,,,,,
"USC00434290","JOHNSON 2 N, VT US","44.658","-72.6786","298.7","2019",,,"160",,"160","H","176","H","111","H","144",,"47","H","36","H","175","H","90","H","85","H","0","H","-13","H,0122,+","23",",H,0121,","10.0",",H,0323,","2.88",",H,1101,","88","H,0721,","32","7,0919","28","7,1005","24","7,1102","20","7,1108","12","7,1109","29","7,0509","22","7,0412","22","7,0412","17","7,0406","15","7,0405","9006",,"9006","H","51.60",",H","138.1",",H","40.4","H","50.2","H","30.5","H",,,,,,,,
"US1VTLM0007","HYDE PARK 2.9 NE, VT US","44.6208","-72.5725","314.6","2017",,,,,,,"187","N","105","N",,,,,,,,,,,,,,,,,,,,,"1.66",",N,0630,",,,,,,,,,,,,,,,,,,,,,,,,,,,"47.81",",N",,,,,,,,,,,,,,,,
"US1VTLM0007","HYDE PARK 2.9 NE, VT US","44.6208","-72.5725","314.6","2018",,,,,,,"188","N","110","N",,,,,,,,,,,,,,,,,,,,,"1.88",",N,0113,",,,,,,,,,,,,,,,,,,,,,,,,,,,"46.81",",N",,,,,,,,,,,,,,,,
"US1VTLM0001","STOWE 0.2 SW, VT US","44.46399","-72.69071","223.1","2015",,,,,,,"178","N","108","N",,,,,,,,,,,,,,,,,,,,,"2.28",",N,0930,",,,,,,,,,,,,,,,,,,,,,,,,,,,"46.57",",N",,,,,,,,,,,,,,,,
"US1VTLM0001","STOWE 0.2 SW, VT US","44.46399","-72.69071","223.1","2016",,,,,,,"171","N","93","N",,,,,,,,,,,,,,,,,,,,,"1.94",",N,0225,",,,,,,,,,,,,,,,,,,,,,,,,,,,"40.44",",N",,,,,,,,,,,,,,,,
"US1VTLM0001","STOWE 0.2 SW, VT US","44.46399","-72.69071","223.1","2017",,,,,,,"197","N","119","N",,,,,,,,,,,,,,,,,,,,,"2.12",",N,0630,",,,,,,,,,,,,,,,,,,,,,,,,,,,"49.41",",N",,,,,,,,,,,,,,,,
"US1VTLM0001","STOWE 0.2 SW, VT US","44.46399","-72.69071","223.1","2018",,,,,,,"192","N","107","N",,,,,,,,,,,,,,,,,,,,,"2.15",",N,0113,",,,,,,,,,,,,,,,,,,,,,,,,,,,"47.24",",N",,,,,,,,,,,,,,,,
"US1VTLM0001","STOWE 0.2 SW, VT US","44.46399","-72.69071","223.1","2019",,,,,,,"189","N","107","N",,,,,,,,,,,,,,,,,,,,,"3.49",",N,1101,",,,,,,,,,,,,,,,,,,,,,,,,,,,"57.22",",N",,,,,,,,,,,,,,,,
"US1VTRT0013","WEST RUTLAND 0.9 SSE, VT US","43.580632","-73.04067","166.4","2018",,,,,,,"177","N","96","N",,,,,,,,,,,,,,,,,,,,,"2.45",",N,0804,",,,,,,,,,,,,,,,,,,,,,,,,,,,"47.82",",N",,,,,,,,,,,,,,,,
"US1VTRT0013","WEST RUTLAND 0.9 SSE, VT US","43.580632","-73.04067","166.4","2019",,,,,,,,,,,,,,,,,,,,,,,,,,,,,,,,,,,,,,,,,,,,,,,,,,,,,,,,,,,"51.74",",N",,,,,,,,,,,,,,,,
"USR0000VESS","ESSEX JUNCTION VERMONT, VT US","44.5078","-73.1156","103.6","2015",,,,,,,,,,,,,,,"35","U","139","U","63","U","134","U","8","U","-19","U,0224,",,,,,,,"96","U,0729,","29","U,1017","26","U,1018","22","U,1019","20","U,1124","15","U,1228","32","U,0523","28","U,0416","21","U,0408","18","U,0401","14","U,0329","7524",,"7524","U",,,,,"46.2","U","56.8","U","35.6","U",,,,,,,,
"USR0000VESS","ESSEX JUNCTION VERMONT, VT US","44.5078","-73.1156","103.6","2016",,,"746",,"746","U",,,,,,,,,"9","U","143","U","39","U","131","U","18","U","-16","U,0214,",,,,,,,"96","U,0811,","32","U,1015","28","U,1101","21","U,1209","15","U,1210","15","U,1210","32","U,0510","25","U,0429","23","U,0410","17","U,0406","11","U,0405",,,,,,,,,"48.3","U","58.2","U","38.3","U",,,,,,,,
"USR0000VESS","ESSEX JUNCTION VERMONT, VT US","44.5078","-73.1156","103.6","2017",,,"579",,"579","U",,,,,,,,,"10","U","129","U","53","U","134","U","10","U","-11","U,1231,+",,,,,,,"95","U,0612,","31","U,1017","28","U,1107","24","U,1108","20","U,1110","16","U,1127","32","U,0425","28","U,0409","14","U,0326","14","U,0326","14","U,0326","6461",,"6461","U",,,,,"47.9","U","57.4","U","38.5","U",,,,,,,,
"USR0000VESS","ESSEX JUNCTION VERMONT, VT US","44.5078","-73.1156","103.6","2018",,,,,,,,,,,,,,,"13","U","153","U","50","U","129","U","18","U","-22","U,0107,",,,,,,,"98","U,0701,","32","U,1018","28","U,1030","24","U,1112","14","U,1114","14","U,1114","30","U,0423","27","U,0422","24","U,0415","19","U,0406","7","U,0321",,,,,,,,,"47.0","U","56.7","U","37.3","U",,,,,,,,
"USR0000VESS","ESSEX JUNCTION VERMONT, VT US","44.5078","-73.1156","103.6","2019",,,"527",,"527","U",,,,,,,,,"20","U","149","U","54","U","118","U","12","U","-15","U,0122,",,,,,,,"95","U,0720,","31","U,1005","24","U,1108","24","U,1108","18","U,1109","13","U,1112","32","U,0429","25","U,0411","18","U,0405","18","U,0405","16","U,0327","7419",,"7419","U",,,,,"45.7","U","55.8","U","35.6","U",,,,,,,,
"USR0000VNUL","NULHEGAN VERMONT, VT US","44.77","-71.7017","379.5","2015",,,,,,,,,,,,,,,"48","U","178","U",,,,,,,"-30","U,0224,",,,,,,,,,"32","U,0921","28","U,1004","20","U,1018","20","U,1018","15","U,1118","31","U,0607","28","U,0523","22","U,0416","15","U,0408","15","U,0408","8594",,"8594","U",,,,,,,,,"29.0","U",,,,,,,,
"USR0000VNUL","NULHEGAN VERMONT, VT US","44.77","-71.7017","379.5","2017",,,,,,,,,,,,,,,"32","U","169","U","69","U","119","U","4","U","-23","U,1230,",,,,,,,"91","U,0925,","32","U,0930","27","U,1001","22","U,1107","16","U,1108","16","U,1108","29","U,0521","24","U,0415","24","U,0415","1","U,0326","1","U,0326",,,,,,,,,"42.4","U","53.7","U","31.0","U",,,,,,,,
"USR0000VNUL","NULHEGAN VERMONT, VT US","44.77","-71.7017","379.5","2018",,,"362",,"362","U",,,,,,,,,"32","U","189","U","73","U","120","U","6","U","-30","U,0102,",,,,,,,"94","U,0704,","30","U,0909","27","U,1015","23","U,1026","16","U,1111","16","U,1111","31","U,0519","25","U,0512","21","U,0423","19","U,0414","16","U,0411","8505",,"8505","U",,,,,"42.0","U","53.2","U","30.8","U",,,,,,,,
"USR0000VNUL","NULHEGAN VERMONT, VT US","44.77","-71.7017","379.5","2019",,,"204",,"204","U",,,,,,,,,"43","U","192","U","80","U","99","U","4","U","-19","U,0113,",,,,,,,"92","U,0720,","32","U,0913","28","U,0919","24","U,1020","19","U,1108","11","U,1109","31","U,0512","26","U,0509","17","U,0411","17","U,0411","13","U,0405","9044",,"9044","U",,,,,"40.6","U","52.4","U","28.8","U",,,,,,,,
"US1VTOL0009","GREENSBORO 2.1 NNW, VT US","44.60527778","-72.30944444","456.0","2016",,,,,,,"179","N","105","N",,,,,,,,,,,,,,,,,,,,,"2.27",",N,0829,",,,,,,,,,,,,,,,,,,,,,,,,,,,"49.46",",N",,,,,,,,,,,,,,,,
"US1VTOL0009","GREENSBORO 2.1 NNW, VT US","44.60527778","-72.30944444","456.0","2017",,,,,,,"204","N","129","N",,,,,,,,,,,,,,,,,,,,,"1.82",",N,0315,",,,,,,,,,,,,,,,,,,,,,,,,,,,"51.69",",N",,,,,,,,,,,,,,,,
"US1VTOL0009","GREENSBORO 2.1 NNW, VT US","44.60527778","-72.30944444","456.0","2019",,,,,,,"191","N","120","N",,,,,,,,,,,,,,,,,,,,,"2.17",",N,1101,",,,,,,,,,,,,,,,,,,,,,,,,,,,"56.73",",N",,,,,,,,,,,,,,,,
"US1VTWR0006","LUDLOW 3.4 S, VT US","43.3472","-72.69677","526.4","2015",,,,,,,"162","N","84","N",,,,,,,,,,,,,,,,,,,,,"1.66",",N,0628,",,,,,,,,,,,,,,,,,,,,,,,,,,,"41.89",",N",,,,,,,,,,,,,,,,
"US1VTWR0006","LUDLOW 3.4 S, VT US","43.3472","-72.69677","526.4","2018",,,,,,,,,,,,,,,,,,,,,,,,,,,,,,,,,,,,,,,,,,,,,,,,,,,,,,,,,,,"54.91",",N",,,,,,,,,,,,,,,,
"USW00054781","BENNINGTON MORSE STATE AIRPORT, VT US","42.89351","-73.24876","240.8","2015","4.9","W","423",,"423","W","129","W","68","W",,,,,"30","W","146","W","60","W","142","W","3","W","-19","W,0224,",,,,,"3.31",",W,0930,","91","W,0908,","32","W,1005","22","W,1018","22","W,1018","17","W,1019",,,"31","W,0514","25","W,0416","21","W,0402","7","W,0329","7","W,0329","7590",,"7590","W","29.02",",W",,,"46.3","W","57.9","W","34.8","W","130","W","330","W","38.9","W","68.0","W"
"USW00054781","BENNINGTON MORSE STATE AIRPORT, VT US","42.89351","-73.24876","240.8","2016","4.9","W","456",,"456","W","143","W","76","W",,,,,"5","W","154","W","33","W","136","W","4","W","-17","W,0214,",,,,,"1.15",",W,0802,","92","W,0814,","32","W,0925","27","W,1015","23","W,1027","19","W,1123","14","W,1210","28","W,0510","27","W,0428","23","W,0410","12","W,0406","12","W,0406","6166",,"6166","W","32.66",",W",,,"48.3","W","59.5","W","36.9","W","150","W","150","W","40.0","W","59.1","W"
"USW00054781","BENNINGTON MORSE STATE AIRPORT, VT US","42.89351","-73.24876","240.8","2017","5.1","W","377",,"377","W","140","W","80","W",,,,,"7","W","137","W","45","W","137","W","3","W","-11","W,1230,",,,,,"3.47",",W,0701,","90","W,0925,+","27","W,1017","27","W,1017","23","W,1108","19","W,1109","14","W,1111","29","W,0504","24","W,0409","20","W,0326","7","W,0323","7","W,0323","6547",,"6547","W","41.93",",W",,,"47.8","W","58.2","W","37.5","W","190","W","170","W","40.9","W","57.9","W"
"USW00054781","BENNINGTON MORSE STATE AIRPORT, VT US","42.89351","-73.24876","240.8","2018","4.7","W","615",,"615","W","157","W","104","W",,,,,"8","W","158","W","40","W","136","W","12","W","-23","W,0107,",,,,,"2.34",",W,0918,","94","W,0716,+","32","W,1016","25","W,1026","17","W,1114","17","W,1114","14","W,1121","26","W,0423","26","W,0423","20","W,0411","17","W,0408","5","W,0320","6853",,"6853","W","44.56",",W",,,"47.6","W","57.6","W","37.7","W","190","W","290","W","36.0","W","53.0","W"
"USW00054781","BENNINGTON MORSE STATE AIRPORT, VT US","42.89351","-73.24876","240.8","2019","4.9","W",,,,,"158","D","91","D",,,,,,,,,,,,,,,,,,,,,"2.68",",D,1017,",,,,,,,,,,,,,,,,,,,,,,,,,,,"40.50",",D",,,,,,,,,"130","W","190","W","40.9","W","62.0","W"
"USC00435416","MOUNT MANSFIELD, VT US","44.5248","-72.8154","1204.0","2015",,,"19",,"19","7","172","7","126","7","185",,"56","7","52","7","195","7","119","7","21","7","0","7","-30","7,0108,","90",",7,0409,","9.5",",7,0119,","2.61",",7,0930,","76","7,0818,+","29","7,1002","27","7,1003","24","7,1010","15","7,1018","15","7,1018","31","7,0603","20","7,0523","20","7,0523","20","7,0523","16","7,0425","11355",,"11355","7","67.44",",7","146.3",",7","35.3","7","42.9","7","27.8","7",,,,,,,,
"USC00435416","MOUNT MANSFIELD, VT US","44.5248","-72.8154","1204.0","2016",,,"31",,"31","7","188","7","144","7","208",,"57","7","27","7","197","7","118","7","38","7","0","7","-32","7,0214,","52",",7,1231,","8.6",",7,1203,","2.77",",7,0817,","76","7,0812,+","31","7,0925","24","7,1010","24","7,1010","20","7,1025","15","7,1112","32","7,0609","25","7,0517","20","7,0516","20","7,0516","16","7,0428","9860",,"9860","7","64.61",",7","149.2",",7","37.3","7","44.9","7","29.7","7",,,,,,,,
"USC00435416","MOUNT MANSFIELD, VT US","44.5248","-72.8154","1204.0","2017",,,,,,,,,,,"197",,,,,,,,,,,,,,,,"112",",7,0409,+",,,,,,,,,,,,,,,,,,,,,,,,,,,"10266",,"10266","7",,,,,,,,,,,,,,,,,,
"USC00435416","MOUNT MANSFIELD, VT US","44.5248","-72.8154","1204.0","2019",,,"92",,"92","H",,,,,,,,,"28","H","185","H","105","H","48","H","0","H","-23","H,0121,",,,,,,,"81","H,0730,","30","7,1003","28","7,1005","20","7,1102","20","7,1102","11","7,1108","32","7,0521","28","7,0508","20","7,0429","20","7,0429","16","7,0411",,,,,,,,,"37.8","H","45.3","H","30.3","H",,,,,,,,
"US1VTFR0012","ST. ALBANS 1.9 NNE, VT US","44.83455","-73.06558","139.9","2016",,,,,,,"161","N","88","N",,,,,,,,,,,,,,,,,,,,,"2.46",",N,0829,",,,,,,,,,,,,,,,,,,,,,,,,,,,"37.78",",N",,,,,,,,,,,,,,,,
"US1VTWR0009","SPRINGFIELD 5.4 NE, VT US","43.3567111194134","-72.4067325890064","110.0","2016",,,,,,,"130","N","80","N",,,,,,,,,,,,,,,,,,,,,"2.12",",N,0822,",,,,,,,,,,,,,,,,,,,,,,,,,,,"39.39",",N",,,,,,,,,,,,,,,,
"USW00054740","SPRINGFIELD HARTNESS STATE AIRPORT, VT US","43.34361","-72.51778","176.2","2015","3.8","W","451",,"451","W","128","W","67","W",,,,,"32","W","156","W","62","W","132","W","5","W","-19","W,0224,",,,,,"2.47",",W,0930,","94","W,0729,","30","W,1005","24","W,1018","21","W,1019","16","W,1118","15","W,1201","32","W,0514","25","W,0416","22","W,0408","19","W,0402","13","W,0329","7951",,"7951","W","33.02",",W",,,"45.3","W","57.0","W","33.6","W","260","W","270","W","35.1","W","48.1","W"
"USW00054740","SPRINGFIELD HARTNESS STATE AIRPORT, VT US","43.34361","-72.51778","176.2","2016","3.8","W","460",,"460","W","113","W","61","W",,,,,"7","W","172","W","35","W","131","W","7","W","-15","W,0214,",,,,,"1.36",",W,0821,","93","W,0811,","32","W,0925","26","W,1015","22","W,1027","18","W,1205","4","W,1210","29","W,0510","25","W,0428","12","W,0406","12","W,0406","12","W,0406","6571",,"6571","W","27.40",",W",,,"47.1","W","58.3","W","36.0","W","270","W","260","W","32.0","W","48.1","W"
"USW00054740","SPRINGFIELD HARTNESS STATE AIRPORT, VT US","43.34361","-72.51778","176.2","2017","3.8","W","367",,"367","W","131","W","76","W","0",,,,"11","W","157","W","48","W","135","W","6","W","-16","W,1231,+","0",",W,1231,+",,,"1.74",",W,0606,","94","W,0612,","32","W,1002","27","W,1017","19","W,1109","19","W,1109","14","W,1128","30","W,0509","26","W,0415","22","W,0403","19","W,0326","13","W,0323","6976",,"6976","W","40.78",",W",,,"46.4","W","57.0","W","35.8","W","270","W","280","W","35.1","W","49.0","W"
"USW00054740","SPRINGFIELD HARTNESS STATE AIRPORT, VT US","43.34361","-72.51778","176.2","2018","3.6","W","550",,"550","W","148","W","94","W","0",,,,"11","W","171","W","50","W","128","W","14","W","-22","W,0102,","0",",W,1231,+",,,"1.68",",W,1221,","94","W,0701,","30","W,1014","27","W,1018","22","W,1022","16","W,1114","13","W,1115","28","W,0424","24","W,0423","21","W,0411","19","W,0408","5","W,0320","7311",,"7311","W","45.75",",W",,,"46.0","W","56.0","W","35.9","W","270","W","290","W","33.1","W","53.9","W"
"USW00054740","SPRINGFIELD HARTNESS STATE AIRPORT, VT US","43.34361","-72.51778","176.2","2019","3.8","W","391",,"391","D","150","D","89","D",,,,,"12","D","168","D","57","D","125","D","6","D","-14","D,0131,",,,,,"1.45",",D,0124,","95","D,0720,","28","W,1005","27","W,1006","14","W,1109","14","W,1109","14","W,1109","29","W,0429","26","W,0417","22","W,0405","19","W,0402","15","W,0327","7625",,"7625","D","37.19",",D",,,"45.0","D","55.6","D","34.5","D","280","W","260","W","35.1","W","51.0","W"
"USC00438640","WAITSFIELD 2 SE, VT US","44.1756","-72.7961","348.1","2016",,,"264",,"264","7",,,,,,,,,"9","7","172","7","56","7","115","7","0","7","-8","7,0214,",,,,,,,"88","7,0812,","32","7,0926","28","7,1015","24","7,1129","17","7,1205","8","7,1211","32","7,0516","25","7,0429","20","7,0411","20","7,0411","16","7,0407","7426",,"7426","7",,,,,"44.6","7","54.4","7","34.9","7",,,,,,,,
"USC00438640","WAITSFIELD 2 SE, VT US","44.1756","-72.7961","348.1","2017",,,,,,,,,,,,,,,,,,,,,,,,,,,,,,,,,,,,,,,,,,,,,,,,,,,,,,,"7629",,"7629","7",,,,,,,,,,,,,,,,,,
"USC00438640","WAITSFIELD 2 SE, VT US","44.1756","-72.7961","348.1","2018",,,"362",,"362","7",,,,,,,,,"6","7","174","7","75","7","113","7","4","7","-6","7,0108,+",,,,,,,"92","7,0702,","32","7,1015","27","7,1019","24","7,1111","20","7,1112","9","7,1115","31","7,0512","26","7,0423","23","7,0416","19","7,0410","14","7,0322",,,,,,,,,"43.8","7","52.8","7","34.8","7",,,,,,,,
"USC00438640","WAITSFIELD 2 SE, VT US","44.1756","-72.7961","348.1","2019",,,"191",,"191","H",,,,,,,,,"9","H","165","H","73","H","95","H","0","H","-3","H,0122,",,,,,,,"89","H,0721,","30","7,1005","27","7,1102","22","7,1108","16","7,1109","16","7,1109","32","7,0514","26","7,0412","20","7,0406","20","7,0406","15","7,0328","8322",,"8322","H",,,,,"42.7","H","52.1","H","33.2","H",,,,,,,,
"US1VTWH0017","ROCKINGHAM 1.1 NNE, VT US","43.20388889","-72.48222222","220.7","2016",,,,,,,"137","N","77","N",,,,,,,,,,,,,,,,,,,,,"2.53",",N,0225,",,,,,,,,,,,,,,,,,,,,,,,,,,,"37.92",",N",,,,,,,,,,,,,,,,
"US1VTWH0017","ROCKINGHAM 1.1 NNE, VT US","43.20388889","-72.48222222","220.7","2017",,,,,,,"138","N","90","N",,,,,,,,,,,,,,,,,,,,,"2.65",",N,0620,",,,,,,,,,,,,,,,,,,,,,,,,,,,"49.04",",N",,,,,,,,,,,,,,,,
"US1VTWH0017","ROCKINGHAM 1.1 NNE, VT US","43.20388889","-72.48222222","220.7","2018",,,,,,,"146","N","97","N",,,,,,,,,,,,,,,,,,,,,"1.91",",N,0728,",,,,,,,,,,,,,,,,,,,,,,,,,,,"50.67",",N",,,,,,,,,,,,,,,,
"US1VTWH0017","ROCKINGHAM 1.1 NNE, VT US","43.20388889","-72.48222222","220.7","2019",,,,,,,"149","N","89","N",,,,,,,,,,,,,,,,,,,,,"2.43",",N,1017,",,,,,,,,,,,,,,,,,,,,,,,,,,,"44.59",",N",,,,,,,,,,,,,,,,
"USW00054742","SAINT JOHNSBURY ASOS, VT US","44.42","-72.0194","212.4","2015",,,"424",,"424","W","166","W","86","W","0",,,,"40","W","152","W","70","W","135","W","1","W","-26","W,0224,","0",",W,1231,+",,,"2.30",",W,0719,","91","W,0729,","31","W,1004","23","W,1018","23","W,1018","19","W,1118","15","W,1124","32","W,0514","25","W,0416","20","W,0408","13","W,0402","13","W,0402","8389",,"8389","W","42.38",",W",,,"44.1","W","55.0","W","33.2","W",,,,,,,,
"USW00054742","SAINT JOHNSBURY ASOS, VT US","44.42","-72.0194","212.4","2016",,,"441",,"441","W","151","W","84","W","0",,,,"15","W","164","W","45","W","124","W","3","W","-18","W,0214,","0",",W,1231,+",,,"1.77",",W,0628,","91","W,0811,","30","W,1011","27","W,1027","22","W,1128","18","W,1205","4","W,1210","30","W,0517","24","W,0429","23","W,0428","11","W,0406","11","W,0406","6966",,"6966","W","39.72",",W",,,"46.2","W","56.5","W","35.8","W",,,,,,,,
"USW00054742","SAINT JOHNSBURY ASOS, VT US","44.42","-72.0194","212.4","2017",,,"313",,"313","W","168","W","94","W","0",,,,"20","W","151","W","62","W","120","W","5","W","-20","W,1229,","0",",W,1231,+",,,"1.83",",W,0701,","91","W,0612,+","32","W,1002","22","W,1108","22","W,1108","19","W,1109","14","W,1111","30","W,0504","26","W,0415","8","W,0326","8","W,0326","8","W,0326","7333",,"7333","W","42.74",",W",,,"44.8","W","54.8","W","34.8","W",,,,,,,,
"USW00054742","SAINT JOHNSBURY ASOS, VT US","44.42","-72.0194","212.4","2018",,,"450",,"450","W","178","W","93","W","0",,,,"19","W","179","W","62","W","121","W","6","W","-27","W,0102,","0",",W,1231,+",,,"1.93",",W,0804,","93","W,0705,","32","W,1013","26","W,1105","19","W,1111","19","W,1111","15","W,1112","32","W,0513","25","W,0423","23","W,0415","19","W,0409","13","W,0406","7843",,"7843","W","43.48",",W",,,"44.2","W","54.0","W","34.4","W",,,,,,,,
"USW00054742","SAINT JOHNSBURY ASOS, VT US","44.42","-72.0194","212.4","2019",,,"291",,"291","W","180","W","94","W",,,,,"26","W","170","W","73","W","99","W","2","W","-16","W,0202,",,,,,"2.23",",W,0923,","92","W,0720,","31","W,1004","27","W,1102","15","W,1109","15","W,1109","15","W,1109","29","W,0509","27","W,0429","22","W,0411","17","W,0405","6","W,0327","8469",,"8469","W","47.81",",W",,,"42.7","W","53.0","W","32.4","W",,,,,,,,
"USC00438169","SUTTON, VT US","44.6122","-72.0481","457.2","2015",,,"201",,"201","7","200","7","103","7","120",,"42","7","56","7","169","7","87","7","104","7","0","7","-26","7,0108,","30",",7,0223,","8.9",",7,1220,","1.71",",7,0930,","86","7,0910,+","29","7,1015","18","7,1018","18","7,1018","18","7,1018","13","7,1124","30","7,0523","27","7,0425","22","7,0409","20","7,0408","16","7,0403","9535",,"9535","7","46.16",",7","127.3",",7","40.4","7","50.6","7","30.3","7",,,,,,,,
"USC00438169","SUTTON, VT US","44.6122","-72.0481","457.2","2016",,,"247",,"247","7","191","7","96","7","123",,"40","7","28","7","182","7","78","7","108","7","0","7","-25","7,0214,","16",",7,1231,","6.9",",7,1230,","3.08",",7,0829,","86","7,0812,+","30","7,1011","27","7,1015","23","7,1101","18","7,1129","13","7,1205","31","7,0517","23","7,0429","23","7,0429","15","7,0411","15","7,0411","8103",,"8103","7","50.86",",7","116.3",",7","42.6","7","52.2","7","33.1","7",,,,,,,,
"USC00438169","SUTTON, VT US","44.6122","-72.0481","457.2","2017",,,"195",,"195","7","206","7","119","7","138",,"47","7","29","7","164","7","84","7","98","7","0","7","-20","7,1229,","37",",7,0217,","15.2",",7,0315,","2.92",",7,1025,","89","7,0519,","27","7,1017","27","7,1017","20","7,1108","20","7,1108","7","7,1111","31","7,0509","28","7,0415","23","7,0410","18","7,0327","8","7,0326","8395",,"8395","7","51.63",",7","168.0",",7","41.9","7","51.2","7","32.6","7",,,,,,,,
"USC00438169","SUTTON, VT US","44.6122","-72.0481","457.2","2018",,,,,,,,,,,,,,,,,,,,,,,,,,,,,,,,,,,,,,,,,,,,,,,,,,,,,,,"8817",,"8817","7",,,,,,,,,,,,,,,,,,
"USC00438169","SUTTON, VT US","44.6122","-72.0481","457.2","2019",,,"180",,"180","H","197","H","114","H","161",,"47","H","42","H","175","H","97","H","85","H","1","H","-17","H,0122,","44",",H,0323,","18.0",",H,0323,","2.81",",H,1002,","90","H,0721,","29","7,1005","28","7,1020","23","7,1102","19","7,1108","11","7,1109","30","7,0509","28","7,0429","22","7,0412","17","7,0411","13","7,0406",,,,,"56.17",",H","166.9",",H","39.9","H","49.6","H","30.2","H",,,,,,,,
